t,x
1970-01-01,2.9510860539841652
1970-01-02,1.2730496244764056
1970-01-03,1.2846482698253303
1970-01-04,2.0507333048323453
1970-01-05,3.5267486795370218
1970-01-06,2.6576654248029987
1970-01-07,2.807839990490408
1970-01-08,1.1073424516941452
1970-01-09,4.12727968075725
1970-01-10,0.8623022894425578
1970-01-11,0.1259177770033869
1970-01-12,0.24570866413219117
1970-01-13,0.7053692856860201
1970-01-14,1.719782405785362
1970-01-15,0.23267469278848363
1970-01-16,-0.07757904597904854
1970-01-17,-0.4469017478356327
1970-01-18,-1.1423396275974718
1970-01-19,-2.2516848466499906
1970-01-20,0.8467815266958388
1970-01-21,2.963561367393136
1970-01-22,3.282708892475518
1970-01-23,0.010521819519501818
1970-01-24,3.584788179759354
1970-01-25,0.012295847867848098
1970-01-26,1.2428145952451841
1970-01-27,2.307394203601926
1970-01-28,2.952454640866398
1970-01-29,3.9062926127081403
1970-01-30,2.713778809584824
1970-01-31,-0.5547344862608741
1970-02-01,0.4026994464600503
1970-02-02,1.0810315070441971
1970-02-03,-0.1034047249889295
1970-02-04,2.4078077346971396
1970-02-05,2.4577014385486784
1970-02-06,1.6274721835565085
1970-02-07,-1.7273112448729768
1970-02-08,-1.8437526522517649
1970-02-09,0.8542885328750874
1970-02-10,2.046721269563933
1970-02-11,0.23100547166679264
1970-02-12,2.1238458291293205
1970-02-13,2.2057387498148833
1970-02-14,0.2525817009732775
1970-02-15,-1.2473769698794104
1970-02-16,0.14090861670073174
1970-02-17,4.305585896402876
1970-02-18,2.4460381101516693
1970-02-19,1.858981536438434
1970-02-20,0.48959114328937964
1970-02-21,1.0422386546682278
1970-02-22,-0.4103119107352765
1970-02-23,-0.8414113179954434
1970-02-24,2.022366646568642
1970-02-25,3.540327482041339
1970-02-26,3.1495877271536585
1970-02-27,-1.823628346535919
1970-02-28,1.3071237631963875
1970-03-01,-0.46477597467064813
1970-03-02,1.5675485539431175
1970-03-03,0.5258958434033685
1970-03-04,3.8117732992638023
1970-03-05,3.317714226296628
1970-03-06,1.1082987161480977
1970-03-07,-2.2268646468328157
1970-03-08,0.7208458354289786
1970-03-09,4.260699929578187
1970-03-10,0.19770719515738533
1970-03-11,0.9892686735580618
1970-03-12,0.37486941698477055
1970-03-13,-0.8432744982621194
1970-03-14,-0.8862125606586183
1970-03-15,1.9718154386079236
1970-03-16,1.5900665740925863
1970-03-17,2.942960355165475
1970-03-18,0.8820166888035387
1970-03-19,-3.7974526281539442
1970-03-20,2.48660127999695
1970-03-21,1.8720977537894565
1970-03-22,0.6641738389297973
1970-03-23,2.858434303973578
1970-03-24,4.534227018597184
1970-03-25,1.1488803799147331
1970-03-26,0.23978217262420576
1970-03-27,-0.7039597644215686
1970-03-28,-0.083869143241045
1970-03-29,5.190227171546889
1970-03-30,1.0349436216496448
1970-03-31,-0.9974986737626301
1970-04-01,1.680917727076192
1970-04-02,-1.6756362217773302
1970-04-03,-0.8293263323816608
1970-04-04,1.0854118626579399
1970-04-05,1.8370847575563625
1970-04-06,6.278119066587129
1970-04-07,2.3047900410022093
1970-04-08,-2.2368845776021447
1970-04-09,-0.5577075248531722
1970-04-10,5.205448656071917
1970-04-11,-0.10932209719816988
1970-04-12,3.019911772292042
1970-04-13,2.4437392505116953
1970-04-14,0.9295675801337266
1970-04-15,1.899654150635338
1970-04-16,-1.8532956729758214
1970-04-17,-1.5333259433548616
1970-04-18,3.637206755697658
1970-04-19,2.6933067603287824
1970-04-20,-0.5596237573055036
1970-04-21,3.1619131846237356
1970-04-22,2.44031693820774
1970-04-23,-0.4940352615923177
1970-04-24,-0.11444756217300633
1970-04-25,0.9606521940509811
1970-04-26,1.8987576358162572
1970-04-27,4.964318572775834
1970-04-28,0.5717319848989817
1970-04-29,-0.12702700977784576
1970-04-30,0.6623761669954134
1970-05-01,0.31366543668657376
1970-05-02,0.5454925875855949
1970-05-03,-0.35005392572970395
1970-05-04,3.7614881607580943
1970-05-05,0.40825564169460093
1970-05-06,1.4515999735605494
1970-05-07,-2.0990154869533626
1970-05-08,1.9433687013339969
1970-05-09,2.780467014044188
1970-05-10,2.11609220980483
1970-05-11,3.4058871686210055
1970-05-12,1.902099022911813
1970-05-13,2.6922846036168586
1970-05-14,-0.651891124077665
1970-05-15,3.461993730135138
1970-05-16,0.4802429658682238
1970-05-17,4.013856581901237
1970-05-18,0.48600135814670764
1970-05-19,-1.9504980296996257
1970-05-20,-0.40233280933392224
1970-05-21,-0.28250175363758845
1970-05-22,-0.36994919268591064
1970-05-23,1.23829901765799
1970-05-24,0.5144631237825457
1970-05-25,-1.0338935270894165
1970-05-26,2.129037347186823
1970-05-27,-0.7233724487651143
1970-05-28,1.983297744011803
1970-05-29,4.722534092017068
1970-05-30,1.732082974979107
1970-05-31,4.014989972696861
1970-06-01,3.066858645473877
1970-06-02,-0.2312166861733278
1970-06-03,3.0332267220857823
1970-06-04,1.8844465312007666
1970-06-05,0.12370830661757559
1970-06-06,0.9137838490932468
1970-06-07,0.5845092251367421
1970-06-08,-4.278302462583679
1970-06-09,0.6529160325583616
1970-06-10,-0.9357281919809664
1970-06-11,-0.24611806027438393
1970-06-12,0.7788187073138453
1970-06-13,-0.24716374749582556
1970-06-14,0.023835573308417568
1970-06-15,2.8427055951046603
1970-06-16,1.119879128011638
1970-06-17,-0.5448232925603211
1970-06-18,4.515879355526964
1970-06-19,1.8839609016602805
1970-06-20,2.9225780837696567
1970-06-21,3.0204258863116435
1970-06-22,1.7579989596474515
1970-06-23,4.190216206375103
1970-06-24,1.6728625260863963
1970-06-25,0.447540517961596
1970-06-26,0.7213930691122783
1970-06-27,2.091881804947291
1970-06-28,-1.3511945741148028
1970-06-29,1.096043544311336
1970-06-30,0.6088706208961364
1970-07-01,-1.0367273400543295
1970-07-02,1.509414202574384
1970-07-03,0.6744482476379314
1970-07-04,0.3255729643974287
1970-07-05,2.8665329999664073
1970-07-06,0.8467548882553488
1970-07-07,0.17075589788301165
1970-07-08,3.796260782790088
1970-07-09,0.2314906014784751
1970-07-10,1.042694039291992
1970-07-11,2.0310316158961905
1970-07-12,-0.767546958614433
1970-07-13,1.1810825716003182
1970-07-14,1.7372032319940642
1970-07-15,-1.0346912741268377
1970-07-16,-0.20994690062890342
1970-07-17,0.8367576463253383
1970-07-18,-0.5332335821130791
1970-07-19,1.7194701309298996
1970-07-20,1.1234521782353108
1970-07-21,-0.9979462208131393
1970-07-22,1.2104175387722576
1970-07-23,2.240256097997524
1970-07-24,0.4179428708997249
1970-07-25,4.062150085665905
1970-07-26,3.1652300558028372
1970-07-27,2.7344186873254936
1970-07-28,3.6301364006389925
1970-07-29,1.0631765544896532
1970-07-30,-0.3335012205488883
1970-07-31,3.3586636362295335
1970-08-01,-0.2354128437058165
1970-08-02,0.38907199463791997
1970-08-03,2.8091538620990812
1970-08-04,-1.1922500184669875
1970-08-05,-1.6195056849182388
1970-08-06,0.33631313332651436
1970-08-07,-1.1384001848537924
1970-08-08,0.023140184026524402
1970-08-09,2.4971680763601953
1970-08-10,0.18952986368678537
1970-08-11,3.3089509750376402
1970-08-12,1.6557005404717156
1970-08-13,-1.8716959484898794
1970-08-14,3.6111360745435714
1970-08-15,2.151990191520201
1970-08-16,1.299622566500938
1970-08-17,2.916880123943536
1970-08-18,2.3621153026321076
1970-08-19,1.1045229438260336
1970-08-20,2.254501884070792
1970-08-21,-1.4140169055279839
1970-08-22,0.7222111625820289
1970-08-23,2.5720779145445065
1970-08-24,-0.5813438135255437
1970-08-25,-0.12253954947155055
1970-08-26,2.0808449892342917
1970-08-27,-0.0875879785355148
1970-08-28,1.006491026201242
1970-08-29,2.0394991787390557
1970-08-30,-0.45238659278156934
1970-08-31,4.149275387829803
1970-09-01,1.9551200185209425
1970-09-02,-0.3541400344063384
1970-09-03,1.4044870718377378
1970-09-04,2.4657518079975613
1970-09-05,-0.9009746574788136
1970-09-06,1.8881223134104923
1970-09-07,2.1422759995177634
1970-09-08,-0.09533153720269283
1970-09-09,2.827850402707604
1970-09-10,-1.7997550661505155
1970-09-11,1.3808691484174003
1970-09-12,2.5912746080989137
1970-09-13,2.203330021252638
1970-09-14,0.07022443898623948
1970-09-15,3.6138647020562944
1970-09-16,-1.4729992677842454
1970-09-17,2.1056419224631875
1970-09-18,2.447568977345883
1970-09-19,-0.7445452900266477
1970-09-20,3.4306458251433876
1970-09-21,1.7884108471303612
1970-09-22,0.300267241154095
1970-09-23,0.7708922363607593
1970-09-24,1.6999481469931592
1970-09-25,-2.019889381505993
1970-09-26,2.0730900192779265
1970-09-27,0.48705200140886895
1970-09-28,1.2183011834192838
1970-09-29,2.774602102701158
1970-09-30,-2.92337707072735
1970-10-01,0.23169243492215325
1970-10-02,1.8616254680112192
1970-10-03,-0.04462052350811452
1970-10-04,0.705020355261554
1970-10-05,3.4487490389076316
1970-10-06,0.9113456674039873
1970-10-07,2.310007504641476
1970-10-08,0.8447295334002529
1970-10-09,-0.7074118136088065
1970-10-10,5.511117372174737
1970-10-11,1.3341070989320007
1970-10-12,0.03391695012256668
1970-10-13,1.2454592399197155
1970-10-14,1.8910757862768508
1970-10-15,0.22331507211400525
1970-10-16,1.2708093926254562
1970-10-17,0.5540651360393049
1970-10-18,0.8991197214288125
1970-10-19,2.483036601536851
1970-10-20,-2.3187984138772473
1970-10-21,-1.9242886983150724
1970-10-22,1.9034721352117288
1970-10-23,0.976390313023914
1970-10-24,-1.250896043227749
1970-10-25,3.1316415858590085
1970-10-26,-0.4537050305409338
1970-10-27,-0.4041151802991261
1970-10-28,1.3297175001057273
1970-10-29,0.9864947276175496
1970-10-30,3.7610603262357083
1970-10-31,2.3563446005885096
1970-11-01,-1.4427693149851208
1970-11-02,2.320753970922831
1970-11-03,3.4144635343562655
1970-11-04,-0.5297111010318265
1970-11-05,1.6883696932831098
1970-11-06,1.9372216196086367
1970-11-07,1.397907229219351
1970-11-08,1.698716406336985
1970-11-09,-1.7807827150426716
1970-11-10,1.432769417866502
1970-11-11,2.5544219870006795
1970-11-12,-0.2816950879920088
1970-11-13,-2.4945143739744426
1970-11-14,4.1500038512640005
1970-11-15,0.16577046854577326
1970-11-16,1.171110764160543
1970-11-17,1.050959017331349
1970-11-18,0.6719490626212401
1970-11-19,1.8213111711111192
1970-11-20,1.9254003127756096
1970-11-21,2.3075537827580828
1970-11-22,1.0886734953084982
1970-11-23,3.4209848485323593
1970-11-24,-1.0520700867732897
1970-11-25,1.7581378088548243
1970-11-26,0.9390224951079847
1970-11-27,0.9634015006897001
1970-11-28,2.625662970593719
1970-11-29,0.9594334929940249
1970-11-30,2.001998464620023
1970-12-01,-0.3016909530413924
1970-12-02,1.7839386644407613
1970-12-03,-2.5625753978932586
1970-12-04,2.353456240917634
1970-12-05,1.1913454943339612
1970-12-06,-0.20158123294380292
1970-12-07,2.246984166108479
1970-12-08,-0.21723233246059076
1970-12-09,-0.19298356743542588
1970-12-10,-0.26444491100160594
1970-12-11,1.8107096054028708
1970-12-12,-0.8097765569850928
1970-12-13,5.4431601777676795
1970-12-14,-1.2105773988285944
1970-12-15,0.0674566331113069
1970-12-16,3.225508050317249
1970-12-17,-0.1398439662827361
1970-12-18,0.9111795555664335
1970-12-19,2.374173542127074
1970-12-20,1.577156057586381
1970-12-21,0.20735709745726416
1970-12-22,4.20333959518706
1970-12-23,-1.4934023358052513
1970-12-24,3.127979895919434
1970-12-25,2.1056543091064275
1970-12-26,-0.05052731542489147
1970-12-27,1.7234076364360578
1970-12-28,0.4124699975734373
1970-12-29,1.3113231528892266
1970-12-30,0.48795064450799336
1970-12-31,0.40332865135419493
1971-01-01,-1.3632839023659775
1971-01-02,4.582871572262594
1971-01-03,0.11599088215973058
1971-01-04,-0.5312822955408703
1971-01-05,2.120820782150628
1971-01-06,-0.1296524546343576
1971-01-07,0.8266482110827537
1971-01-08,0.7906594995877908
1971-01-09,1.359435175772615
1971-01-10,0.29888596980358084
1971-01-11,4.706102663076365
1971-01-12,-1.6838853729039478
1971-01-13,3.342446060896277
1971-01-14,1.8227202385734529
1971-01-15,-0.3530825914639104
1971-01-16,0.7514254490473617
1971-01-17,0.39422929100865645
1971-01-18,1.6832089555366339
1971-01-19,0.8669783257069547
1971-01-20,1.835647117107713
1971-01-21,-0.9750923934662226
1971-01-22,3.183215962943451
1971-01-23,-0.9580059676920711
1971-01-24,0.044541674370289885
1971-01-25,1.823944373785285
1971-01-26,1.566248367291238
1971-01-27,2.079697710367113
1971-01-28,-0.1675908930106096
1971-01-29,1.617896892806666
1971-01-30,0.35675616880082045
1971-01-31,1.9400387877265
1971-02-01,0.056295779003800395
1971-02-02,3.0364166604143
1971-02-03,0.4921087996968325
1971-02-04,-0.08626809437097704
1971-02-05,1.1419930396615516
1971-02-06,1.0044223634411829
1971-02-07,1.3305469363037714
1971-02-08,-0.27173494547100874
1971-02-09,3.191951316604883
1971-02-10,1.4645221937704793
1971-02-11,2.1826047938450954
1971-02-12,-2.635954385058505
1971-02-13,2.297182123551074
1971-02-14,2.343073619083048
1971-02-15,1.4452556154570897
1971-02-16,0.9979416489506341
1971-02-17,0.10698321770209573
1971-02-18,3.2288351436123506
1971-02-19,0.8528122936552038
1971-02-20,2.352575647067585
1971-02-21,-0.9418762186901624
1971-02-22,5.8554771465432935
1971-02-23,0.4853142629156152
1971-02-24,-0.8440448576032507
1971-02-25,0.4903945549169654
1971-02-26,2.0240622305400375
1971-02-27,1.32322383686016
1971-02-28,-1.289095948567382
1971-03-01,2.8856216779014954
1971-03-02,0.7072494623455319
1971-03-03,2.57772875521989
1971-03-04,-3.2095713110415764
1971-03-05,3.1077454622022813
1971-03-06,3.1832737413599443
1971-03-07,3.6201123270736977
1971-03-08,1.6170585380809233
1971-03-09,1.2567912358983515
1971-03-10,3.234482301471751
1971-03-11,0.9087042563271273
1971-03-12,3.6692779375875864
1971-03-13,-0.475416896848049
1971-03-14,4.03441997516261
1971-03-15,-1.600184995386895
1971-03-16,-0.8388316388110202
1971-03-17,-0.7726556790706781
1971-03-18,1.4660770999732637
1971-03-19,-0.07432257116020247
1971-03-20,-1.3377063483541205
1971-03-21,1.9720273679050382
1971-03-22,0.3132654257704073
1971-03-23,2.6057761397540222
1971-03-24,-2.440742714860464
1971-03-25,5.397989664071962
1971-03-26,3.561119789959061
1971-03-27,1.6523237143602976
1971-03-28,1.8289809761799098
1971-03-29,0.26249823462651256
1971-03-30,1.7322338800096033
1971-03-31,1.0990460505339734
1971-04-01,3.168344528254164
1971-04-02,-1.063932685107807
1971-04-03,3.5256149727364883
1971-04-04,-2.8872445101147575
1971-04-05,-1.3306741904185622
1971-04-06,-1.5972369994884241
1971-04-07,0.5031033704870156
1971-04-08,3.0470495232001658
1971-04-09,1.0429428327212347
1971-04-10,1.4262861998651686
1971-04-11,0.26777667524637816
1971-04-12,3.2158709548212445
1971-04-13,0.25269057921992333
1971-04-14,4.3060791591630805
1971-04-15,3.0515695546367843
1971-04-16,2.957485019144478
1971-04-17,1.510552274502601
1971-04-18,-0.2958038564406106
1971-04-19,2.59490329492007
1971-04-20,1.4307660935715747
1971-04-21,1.4900016587857952
1971-04-22,-1.979331078026186
1971-04-23,1.7652128481280245
1971-04-24,-2.594746925857813
1971-04-25,0.8078784228181606
1971-04-26,-2.276966951428435
1971-04-27,1.9596562525952954
1971-04-28,1.8772977773321948
1971-04-29,-0.46301855477989784
1971-04-30,0.7230923353437675
1971-05-01,1.7536590452036829
1971-05-02,4.334608664093194
1971-05-03,0.5390725441570083
1971-05-04,3.695135511414466
1971-05-05,0.18542131765144698
1971-05-06,4.08793428917886
1971-05-07,1.1536879070187527
1971-05-08,-0.4698651385616117
1971-05-09,1.3743154664837842
1971-05-10,2.6658489445564397
1971-05-11,-0.2908223134801674
1971-05-12,0.05144502809787155
1971-05-13,1.077056940290451
1971-05-14,-0.39938452787717327
1971-05-15,2.3058539818288866
1971-05-16,-3.429094136043924
1971-05-17,1.0976466462655061
1971-05-18,3.252459803443519
1971-05-19,0.1357988147484297
1971-05-20,-0.05480078946572421
1971-05-21,1.4178349363788907
1971-05-22,3.0608949848381357
1971-05-23,1.56392170017643
1971-05-24,2.7923309951682014
1971-05-25,0.4256653529017048
1971-05-26,4.1048342098984385
1971-05-27,0.8782422117974864
1971-05-28,-0.7249727623274151
1971-05-29,1.7388802031260853
1971-05-30,0.8215754389940861
1971-05-31,0.411299402455676
1971-06-01,0.678300658873827
1971-06-02,-0.06865833953237688
1971-06-03,-0.5306721094348481
1971-06-04,1.8879303349998275
1971-06-05,0.2735791600518864
1971-06-06,-0.4950595147577861
1971-06-07,1.4469954474100146
1971-06-08,1.301877422416382
1971-06-09,2.347597681540045
1971-06-10,1.440217594116326
1971-06-11,2.4827259543298887
1971-06-12,3.8535443339886752
1971-06-13,1.643935477538884
1971-06-14,2.0894780201492056
1971-06-15,2.262021829547715
1971-06-16,0.818951963127974
1971-06-17,2.124126581095023
1971-06-18,-0.5092749510408001
1971-06-19,0.30939553175034784
1971-06-20,1.652326588358866
1971-06-21,2.006438586198769
1971-06-22,0.23956400865085858
1971-06-23,0.7343526650274961
1971-06-24,-0.2298842893506602
1971-06-25,0.7560286019553822
1971-06-26,1.9895195331294389
1971-06-27,-0.2226428520998931
1971-06-28,1.863615585885975
1971-06-29,3.4644524486974184
1971-06-30,1.3144523468105271
1971-07-01,0.717756338587817
1971-07-02,1.6241128666143139
1971-07-03,2.138124287079771
1971-07-04,1.2241673246540794
1971-07-05,1.0867909146291943
1971-07-06,-1.1103320477034533
1971-07-07,-0.08528181365787102
1971-07-08,1.2632312907184915
1971-07-09,-0.8979323751556061
1971-07-10,1.3239693436556275
1971-07-11,3.0309745119832208
1971-07-12,1.221882782303093
1971-07-13,0.6668391051422342
1971-07-14,2.556239291949078
1971-07-15,1.622089050772508
1971-07-16,5.0101079646959095
1971-07-17,1.5449614653446457
1971-07-18,1.3253718392358276
1971-07-19,2.9988590718923267
1971-07-20,-0.17651069331549096
1971-07-21,0.5727886906853549
1971-07-22,2.5555282303328455
1971-07-23,0.8409267767535398
1971-07-24,-0.3409176275770832
1971-07-25,2.089220351155513
1971-07-26,0.23109772013870744
1971-07-27,1.1307436288047674
1971-07-28,-0.09739975275866386
1971-07-29,-0.38997454930942044
1971-07-30,1.3008817314603092
1971-07-31,2.151646770932939
1971-08-01,-0.8205432878113204
1971-08-02,1.2756906661171603
1971-08-03,1.3573524462862032
1971-08-04,1.8720166959841509
1971-08-05,2.8883261024494145
1971-08-06,-0.5859835715292885
1971-08-07,1.3158786383912833
1971-08-08,2.5425458504779765
1971-08-09,0.4885162812004733
1971-08-10,3.2917828010434613
1971-08-11,4.391956559363682
1971-08-12,-0.49835610440274514
1971-08-13,1.2622523477788248
1971-08-14,2.3852013453036283
1971-08-15,-0.47162640227492497
1971-08-16,1.72795490226382
1971-08-17,0.7751514733985952
1971-08-18,0.49090653056294137
1971-08-19,0.6340768805502234
1971-08-20,-0.5580189740849267
1971-08-21,-1.7345834642102065
1971-08-22,3.70626545578703
1971-08-23,3.257605767002115
1971-08-24,0.8191470412244031
1971-08-25,1.9160111925531935
1971-08-26,2.7384906297564533
1971-08-27,2.3660932831959594
1971-08-28,1.1499623923546858
1971-08-29,1.4370010790455052
1971-08-30,1.3348310153941445
1971-08-31,2.0523242830143564
1971-09-01,2.3824538972299036
1971-09-02,-1.9483648076427602
1971-09-03,2.1897162678279054
1971-09-04,0.3866030811489319
1971-09-05,0.7852937887176765
1971-09-06,-0.5118359536189082
1971-09-07,-0.5319946728410829
1971-09-08,1.5749162930701681
1971-09-09,-0.6285395599489525
1971-09-10,0.4964020978117173
1971-09-11,2.272246228973608
1971-09-12,2.517793869064122
1971-09-13,0.29981777779748686
1971-09-14,1.4261116454884861
1971-09-15,1.56004556774646
1971-09-16,2.409097996561805
1971-09-17,2.505863058804243
1971-09-18,0.0813329589446351
1971-09-19,4.58255874958595
1971-09-20,2.2829136901041993
1971-09-21,0.20382376221709492
1971-09-22,0.524516081469497
1971-09-23,3.609495224698972
1971-09-24,0.9809760230940646
1971-09-25,2.0624139966885546
1971-09-26,-0.6166639859239037
1971-09-27,-0.34676246859944054
1971-09-28,1.809367574549572
1971-09-29,-1.2297407620432363
1971-09-30,-0.48500133337100004
1971-10-01,-0.13025874693699246
1971-10-02,1.838921079529715
1971-10-03,-0.3842968659057143
1971-10-04,0.5643914943689436
1971-10-05,-0.31315738384968417
1971-10-06,1.6980403153435197
1971-10-07,2.1726290156190986
1971-10-08,0.014372614573883724
1971-10-09,2.7864727398824014
1971-10-10,2.0717802869466437
1971-10-11,3.480200870176546
1971-10-12,-0.2140678884721604
1971-10-13,3.9413846384468383
1971-10-14,1.365085711940052
1971-10-15,0.34458117468692784
1971-10-16,0.44375137189913044
1971-10-17,-0.2665138800577048
1971-10-18,2.364039345664696
1971-10-19,1.425936485196915
1971-10-20,0.8712417996535934
1971-10-21,-0.5504390572559664
1971-10-22,1.8564296703703413
1971-10-23,-1.636879071961388
1971-10-24,1.805396688849036
1971-10-25,1.1962755494360362
1971-10-26,1.1817708894185428
1971-10-27,2.689182048326383
1971-10-28,1.8252632736734702
1971-10-29,0.85151060809751
1971-10-30,1.6062650433099632
1971-10-31,3.7914833712929736
1971-11-01,0.36681110684834195
1971-11-02,3.063608749209325
1971-11-03,-0.33146637332604423
1971-11-04,1.8870787363439216
1971-11-05,1.0647211486719985
1971-11-06,-0.9715320515845628
1971-11-07,-0.6545751953150483
1971-11-08,0.8139391721458932
1971-11-09,0.7429962465529025
1971-11-10,-0.40672911072039053
1971-11-11,0.7649780864248052
1971-11-12,-1.0343519615216237
1971-11-13,2.585006982871908
1971-11-14,0.6593269830027396
1971-11-15,1.8892693572906807
1971-11-16,2.086105476558144
1971-11-17,1.052175592396647
1971-11-18,1.2043469218013654
1971-11-19,2.068114257211088
1971-11-20,2.9184329900600066
1971-11-21,1.5184387440401446
1971-11-22,3.8305979544650466
1971-11-23,0.5843931175825844
1971-11-24,3.022598901207557
1971-11-25,0.49771534372803816
1971-11-26,-0.39527103058388324
1971-11-27,-0.33252575483521496
1971-11-28,0.7163930624295369
1971-11-29,1.2568508851285136
1971-11-30,-0.14951671019310508
1971-12-01,-0.48512084543724576
1971-12-02,-0.805080376473307
1971-12-03,2.1672997935687706
1971-12-04,-1.2433637738674255
1971-12-05,0.4042842488589058
1971-12-06,3.4090504531922887
1971-12-07,1.8418689501778427
1971-12-08,1.597396614368481
1971-12-09,1.34491886348401
1971-12-10,1.165966304576596
1971-12-11,1.4549609663622225
1971-12-12,3.4690564860180313
1971-12-13,0.4072041635015235
1971-12-14,2.2359169948292266
1971-12-15,1.3456773394146644
1971-12-16,-0.06351424397252997
1971-12-17,1.3682931519185701
1971-12-18,0.06319247528367844
1971-12-19,0.49017841632431336
1971-12-20,0.4032958841068143
1971-12-21,1.6406976610329433
1971-12-22,0.2091374868838175
1971-12-23,2.3013271117662057
1971-12-24,-1.4749254929204219
1971-12-25,0.47609168542207003
1971-12-26,0.66135746290814
1971-12-27,1.6368016443552023
1971-12-28,2.18410270843355
1971-12-29,1.1870947081778136
1971-12-30,2.1888901767266034
1971-12-31,-1.2990023116079277
1972-01-01,2.0228290162038727
1972-01-02,-0.5214772969072339
1972-01-03,6.145313181328737
1972-01-04,0.5005036968998224
1972-01-05,0.5820223452025841
1972-01-06,2.051331739395071
1972-01-07,0.8410339182781494
1972-01-08,1.2248477752511822
1972-01-09,-0.005701495641255383
1972-01-10,3.143489638920274
1972-01-11,1.3485408998937842
1972-01-12,1.551304178393305
1972-01-13,-2.6839572256196202
1972-01-14,1.6773953928522733
1972-01-15,0.4634924164252969
1972-01-16,1.0260271660987808
1972-01-17,3.3200894077814516
1972-01-18,0.17773891263572095
1972-01-19,1.0736780575650964
1972-01-20,0.31511232269200773
1972-01-21,2.3529447534120527
1972-01-22,-1.0365479778308102
1972-01-23,3.3819596582306093
1972-01-24,1.4177274650760783
1972-01-25,0.8315902518615277
1972-01-26,0.6956388343783734
1972-01-27,0.8772151361873541
1972-01-28,1.6007071610857126
1972-01-29,1.6116977219031503
1972-01-30,1.7767770550502213
1972-01-31,1.1078094053740655
1972-02-01,2.8331843013059355
1972-02-02,0.7386262562644637
1972-02-03,0.9661719686832531
1972-02-04,-0.2462636882168685
1972-02-05,1.9394097514169732
1972-02-06,1.7779006358693068
1972-02-07,1.0000437809228733
1972-02-08,-0.8666637038916223
1972-02-09,0.7251917714003124
1972-02-10,1.3974664060523216
1972-02-11,0.9575551699233336
1972-02-12,0.9228866865342353
1972-02-13,2.752102183496151
1972-02-14,3.173683887307276
1972-02-15,0.321283423516024
1972-02-16,-0.4414101491510114
1972-02-17,1.0336364229689992
1972-02-18,3.181648134535214
1972-02-19,1.9864125032325495
1972-02-20,1.9538937545311856
1972-02-21,1.9475330555286845
1972-02-22,2.8450013651168327
1972-02-23,0.005855093924270721
1972-02-24,-0.5849894279635816
1972-02-25,3.2000532035173013
1972-02-26,2.165248584526627
1972-02-27,2.3350111433413323
1972-02-28,-0.3244189912659137
1972-02-29,-0.33162363879618084
1972-03-01,0.6246289152524671
1972-03-02,1.2777377036641515
1972-03-03,-0.053179533303699636
1972-03-04,0.04442011603588547
1972-03-05,2.86778078130597
1972-03-06,-1.5192435771835726
1972-03-07,2.107810336022073
1972-03-08,0.2038787929085837
1972-03-09,2.5403267416188244
1972-03-10,2.345093002957367
1972-03-11,2.4677385362847604
1972-03-12,0.8743506791184517
1972-03-13,1.6308947599574444
1972-03-14,2.9784516597610855
1972-03-15,-0.03390090946724854
1972-03-16,4.031694655926453
1972-03-17,-0.11995343704965145
1972-03-18,3.053827618319983
1972-03-19,1.446381678355464
1972-03-20,0.11494544030992118
1972-03-21,0.5792771823915557
1972-03-22,1.4448977167433628
1972-03-23,0.795576809160359
1972-03-24,-0.46433676660817524
1972-03-25,1.3886356776408213
1972-03-26,-1.8853390974158994
1972-03-27,1.8666223645005282
1972-03-28,-0.3599603482865669
1972-03-29,1.273459576555828
1972-03-30,3.889252681851264
1972-03-31,2.361100516538749
1972-04-01,1.900442528630729
1972-04-02,0.29862272912601795
1972-04-03,2.8557553965005433
1972-04-04,-0.1453368919775384
1972-04-05,2.483325770316839
1972-04-06,0.1875124040296829
1972-04-07,2.2664467084923157
1972-04-08,-0.2798013550410645
1972-04-09,-2.7500039958045033
1972-04-10,-1.1679028413967227
1972-04-11,1.0441664920968943
1972-04-12,0.28394545456451703
1972-04-13,1.1844903819171042
1972-04-14,1.9991493503903424
1972-04-15,-0.11691544933768167
1972-04-16,0.20967606000237526
1972-04-17,1.516235487325109
1972-04-18,2.3277313932525483
1972-04-19,5.141117658642044
1972-04-20,2.0309406982146037
1972-04-21,1.9981822144201729
1972-04-22,0.29106692115233357
1972-04-23,1.7660559406829273
1972-04-24,-0.6115684980131433
1972-04-25,2.661332630776084
1972-04-26,0.9602326632318373
1972-04-27,0.5863692704970391
1972-04-28,-1.0134444911205274
1972-04-29,-2.1444881692695024
1972-04-30,1.6043298130115866
1972-05-01,0.8152202823060717
1972-05-02,1.4457551050763635
1972-05-03,1.002422447951444
1972-05-04,1.115780277699633
1972-05-05,1.5166575374964657
1972-05-06,1.559295566097007
1972-05-07,2.5076720101444385
1972-05-08,2.2260366229452866
1972-05-09,3.838859726545101
1972-05-10,-0.6696364380920823
1972-05-11,1.2282729908455576
1972-05-12,0.007727273579154037
1972-05-13,1.6054912362178828
1972-05-14,1.9670433865096206
1972-05-15,2.713140676115485
1972-05-16,1.8529960144530744
1972-05-17,-0.6783751476635428
1972-05-18,-0.29335460621211584
1972-05-19,-0.6010891335558076
1972-05-20,3.9624986406495717
1972-05-21,0.7863333614643151
1972-05-22,2.270130893825521
1972-05-23,1.868162136220992
1972-05-24,0.4657367884862348
1972-05-25,0.8582570312195172
1972-05-26,0.41509950528577466
1972-05-27,1.335235786083887
1972-05-28,1.9178735210004147
1972-05-29,3.099414955946516
1972-05-30,-1.76748765313936
1972-05-31,1.4619703328123557
1972-06-01,-0.5589380558056184
1972-06-02,0.8007052839803785
1972-06-03,0.11108830940005654
1972-06-04,1.7796147536266362
1972-06-05,0.9009913777243205
1972-06-06,0.44117710335518234
1972-06-07,0.817514747533287
1972-06-08,-2.065772053690254
1972-06-09,5.464667623615551
1972-06-10,0.6956176620238644
1972-06-11,0.6411250972437859
1972-06-12,2.1738908157619248
1972-06-13,1.7616278979112932
1972-06-14,0.94425692491336
1972-06-15,1.6436748354983561
1972-06-16,2.4381054398526656
1972-06-17,0.3076407026910679
1972-06-18,2.5199977748752422
1972-06-19,-1.1640038486025424
1972-06-20,1.9181370258959691
1972-06-21,1.7465497786067743
1972-06-22,1.4435937536343357
1972-06-23,1.278979774333306
1972-06-24,1.9160034459143174
1972-06-25,1.010650939038701
1972-06-26,-0.15093939356163483
1972-06-27,2.046304757521998
1972-06-28,-0.7400073410303541
1972-06-29,3.7433524217007696
1972-06-30,-0.7884479185994837
1972-07-01,0.5044876276435146
1972-07-02,1.974672685726992
1972-07-03,1.0944445489817454
1972-07-04,0.26819939075796895
1972-07-05,0.7062893259025186
1972-07-06,2.807499307877046
1972-07-07,-1.9099017521171735
1972-07-08,3.235252214705618
1972-07-09,-1.6864216221224404
1972-07-10,3.094078386234473
1972-07-11,1.6658046194617204
1972-07-12,1.004446207537443
1972-07-13,2.082795316019631
1972-07-14,1.9123939895268545
1972-07-15,3.2536452062245544
1972-07-16,1.2142105221456767
1972-07-17,4.379012598374998
1972-07-18,0.6498978750661921
1972-07-19,2.3026800901740074
1972-07-20,0.6130981414396369
1972-07-21,-0.24480779110486284
1972-07-22,0.2024653783803818
1972-07-23,2.8254331351558872
1972-07-24,1.0713294405702847
1972-07-25,-0.5327438726455122
1972-07-26,2.306552729950777
1972-07-27,-1.0768500267344525
1972-07-28,3.347740215946318
1972-07-29,-2.0413392812169526
1972-07-30,1.850469159461286
1972-07-31,1.9582069929895562
1972-08-01,3.0465071671264154
1972-08-02,-0.19611475888679014
1972-08-03,2.7563268716026057
1972-08-04,1.9229597956878144
1972-08-05,0.6657269959897831
1972-08-06,3.1092979035250066
1972-08-07,-1.252679906088622
1972-08-08,2.8615587088806733
1972-08-09,1.3690228132104134
1972-08-10,1.4877710360993808
1972-08-11,0.8747417630137597
1972-08-12,3.048520809308905
1972-08-13,0.1582333994528553
1972-08-14,0.36066185648266036
1972-08-15,2.617361506350315
1972-08-16,-0.5394249571917575
1972-08-17,4.807726476738543
1972-08-18,0.44909036316571016
1972-08-19,1.3804447044408183
1972-08-20,0.8201079433911775
1972-08-21,3.359576216922541
1972-08-22,-3.1323103336905516
1972-08-23,1.9987385059420857
1972-08-24,3.008546068320513
1972-08-25,-0.2859664760161938
1972-08-26,3.5644083597324436
1972-08-27,-1.6789434665065677
1972-08-28,1.4683382415968997
1972-08-29,1.1534671813905129
1972-08-30,0.22920505326014573
1972-08-31,0.13075200563694933
1972-09-01,5.517771160798587
1972-09-02,-1.4258647571227552
1972-09-03,-0.2718213113333748
1972-09-04,1.954763082747324
1972-09-05,0.1470421137169401
1972-09-06,2.8448445601982693
1972-09-07,2.0393305470115415
1972-09-08,2.814211420013369
1972-09-09,2.9269495955884626
1972-09-10,1.620056657040881
1972-09-11,-2.551765928026747
1972-09-12,2.2570887734458376
1972-09-13,2.147620048410169
1972-09-14,2.542183518568957
1972-09-15,1.6766146111720077
1972-09-16,0.27130152768452226
1972-09-17,0.39650854016587644
1972-09-18,0.5144627357534928
1972-09-19,-0.33923444986552753
1972-09-20,-0.33906358526825375
1972-09-21,5.846872266968925
1972-09-22,0.6366716816015283
1972-09-23,-1.374432150355878
1972-09-24,-0.28717870411685686
1972-09-25,0.5935700820376271
1972-09-26,0.3471118391544443
