age,gender,income
51,F,105656
37,F,63039
50,M,102675
25,F,60557
67,F,87048
53,M,111359
30,F,34367
54,M,103474
66,F,120628
60,M,107864
32,F,51926
74,M,127381
19,M,84035
55,M,84909
28,M,91811
54,F,89174
66,F,90595
62,F,85049
32,F,56779
48,M,117639
70,M,107578
37,M,77649
71,M,108118
25,M,103289
50,F,51300
72,M,115639
43,M,88073
51,F,81817
57,M,114591
13,M,56200
46,F,65454
92,M,139439
93,F,110569
34,F,89898
39,F,60802
26,F,44812
20,M,103067
63,M,113310
74,F,123043
57,M,102154
42,M,105126
67,M,133429
73,F,93911
62,M,127466
83,M,138768
72,M,100916
59,M,105728
11,F,52021
49,M,119011
28,M,104729
66,F,108370
28,F,50723
76,F,121576
38,F,56458
77,M,138185
44,M,106009
58,F,73653
76,F,101469
49,F,98105
17,M,43363
59,M,123541
31,F,45236
58,M,93589
72,M,136204
56,M,109602
66,M,111873
63,F,101207
43,F,93709
32,M,101251
42,F,52878
45,M,109017
15,F,49688
51,F,64983
57,M,112071
22,F,34398
72,M,135551
60,M,144490
50,M,78125
39,M,75481
44,F,72454
69,F,91178
14,M,51512
49,M,105147
29,F,43614
75,M,98546
20,F,35738
30,M,78646
40,F,49238
76,M,150764
63,F,69380
71,M,123768
34,M,121388
73,M,123005
51,M,127160
44,M,84558
53,M,91679
46,F,113965
18,M,94755
51,F,64338
61,F,114011
86,M,125587
42,M,80118
57,F,70133
74,M,114958
61,M,124170
13,F,25644
63,M,99619
50,F,71432
46,M,126095
36,F,53310
34,M,110699
53,M,61457
12,F,74857
43,M,87759
47,F,59413
81,M,120037
56,M,93231
46,M,103002
59,F,96720
36,M,94059
43,F,90525
42,F,68709
44,F,73794
16,M,42957
57,M,89397
51,F,74432
28,F,76648
47,F,54370
41,M,78474
33,F,46541
78,F,117649
73,F,116003
31,M,59832
59,M,114487
83,F,90432
11,F,42401
46,M,107100
51,F,74148
45,M,88784
47,F,103432
43,F,89258
66,M,138893
66,M,113102
43,M,86645
57,M,122834
70,M,126628
27,M,92263
60,F,98792
62,M,117950
38,M,91516
90,F,103467
29,M,85369
33,M,99351
56,M,128407
40,M,119972
57,F,94071
75,F,104547
45,F,60065
43,F,80925
22,F,34727
26,M,83524
80,F,119963
66,F,104134
64,M,94997
18,M,37338
58,M,145632
49,F,101168
80,M,115534
48,F,101042
40,F,61097
74,F,82921
45,F,88857
48,M,107735
14,M,57383
51,M,81587
25,F,70596
48,M,95603
48,F,104354
30,F,57709
51,M,96882
54,M,123783
22,F,34236
23,F,73417
45,F,92074
36,F,63105
68,M,115946
46,F,75540
61,F,89763
87,M,124588
69,M,121792
25,M,94090
48,M,87577
41,M,74745
84,M,144573
33,F,53106
69,F,98649
74,F,83818
51,F,66873
54,F,73721
72,M,116881
79,M,137006
60,F,134275
50,M,94255
41,F,91990
31,F,58773
75,M,106117
38,F,66588
58,M,101200
86,F,119993
57,F,137880
40,M,99192
18,F,38212
51,F,109929
48,M,59401
78,M,144163
26,F,65119
61,M,154525
34,M,55207
44,F,51073
31,F,72804
34,M,63161
58,M,104699
42,F,80608
38,F,100403
55,M,114951
31,M,80788
64,F,71246
64,F,114772
68,M,124912
53,F,82687
33,M,89672
94,M,152924
31,M,112093
19,M,49587
43,M,98819
61,M,112315
79,M,132942
55,M,101693
76,F,96067
44,F,71189
68,F,93004
35,F,60192
51,F,96741
69,F,92894
71,M,150225
86,M,167207
49,M,82554
76,M,145775
34,M,85123
52,M,90986
54,F,67473
42,F,98276
29,M,89008
59,F,126335
52,M,67867
58,F,80215
23,F,35022
74,M,123583
76,F,119611
47,M,119593
45,M,118779
44,F,133645
39,M,79836
38,F,96572
49,M,67147
70,M,148457
66,M,127810
82,M,94834
36,F,84736
28,F,50108
27,F,37849
38,F,79450
43,F,74816
57,F,107799
27,M,44548
55,F,67999
40,F,85045
73,F,104110
77,M,154792
64,F,113261
56,M,112559
26,F,61969
66,F,82392
26,M,95875
47,M,108765
60,F,128408
29,F,46525
22,F,66018
66,F,107453
35,M,106983
78,M,104016
56,F,59024
29,F,67172
57,M,96196
41,M,52803
28,F,94937
63,F,125189
43,F,80610
52,M,103080
65,M,90708
75,F,110787
54,M,117182
37,F,71660
36,F,39929
62,M,105287
31,M,89730
16,M,56239
44,M,120146
62,F,105853
16,F,70879
41,M,113916
53,M,89856
45,M,75271
56,M,118249
38,F,67875
60,F,120169
65,M,120588
11,M,80046
37,M,91466
56,F,64356
34,M,60175
85,M,116216
83,M,149017
60,M,106486
72,F,98559
64,F,106402
40,F,74889
24,F,102368
34,M,53274
94,F,144244
62,M,111137
46,F,63534
48,M,136357
58,M,102721
44,M,112303
25,M,113769
55,M,97734
61,F,76295
40,M,97613
40,F,63893
79,M,136901
32,F,96471
57,M,93738
23,F,86503
30,M,116529
86,M,132144
36,F,46106
34,F,76450
46,F,86030
26,F,45721
44,M,86790
76,F,103910
60,F,124794
47,F,76468
45,M,94527
78,F,115845
40,M,73760
74,M,107542
25,F,37139
75,M,151300
21,F,40531
31,F,53330
68,F,98904
80,M,103504
79,M,109354
39,F,74915
49,F,103775
67,F,102650
41,M,100095
33,M,91916
26,F,87831
23,F,63271
39,F,70413
76,M,137336
37,F,69065
23,F,64226
65,M,92341
13,M,61309
92,M,111171
60,F,89438
48,M,71041
49,M,75052
58,M,91648
64,M,113426
94,F,118038
76,F,103630
62,M,142163
34,M,63170
28,F,56821
80,M,129246
55,F,62713
55,M,133441
57,F,75532
24,F,83934
38,F,55807
33,M,74439
59,M,90806
50,F,81242
64,M,119774
47,F,82418
65,F,121773
30,M,77127
50,M,132089
54,F,113733
79,F,109879
47,F,84338
86,F,122445
26,M,59037
82,F,138025
37,F,56903
24,M,77165
23,M,80982
70,F,86376
83,F,99699
64,M,112239
71,F,121246
71,M,133804
25,F,38356
77,F,126886
31,M,78424
33,F,45634
41,F,50733
72,M,100017
60,M,98935
85,M,111211
54,F,80988
72,M,96395
63,M,132310
28,M,66676
49,F,71432
78,F,130400
42,F,52493
53,M,126419
51,F,109961
59,M,101297
56,M,81032
13,F,53586
47,F,72796
23,F,63008
48,M,83215
67,F,133316
77,F,79891
46,F,92858
16,M,60044
24,F,78777
45,M,95272
45,F,67436
71,F,120849
60,M,97527
45,M,128195
35,F,66486
21,M,69017
85,M,157354
56,F,107355
31,M,71283
48,F,76275
5,F,40748
55,M,108292
52,M,104621
57,M,95959
58,M,98610
86,F,135447
21,M,105922
64,M,122180
49,F,94468
41,M,92540
43,M,105276
35,F,59066
64,F,119540
38,M,106630
33,F,94253
84,F,125403
51,F,84520
11,M,59981
61,F,68682
55,F,64177
31,M,105296
44,M,110579
56,F,99115
21,F,51814
69,F,75636
40,F,63893
41,F,53171
49,M,109360
82,M,99003
32,M,91920
54,F,94455
43,F,50129
38,F,76244
19,F,60532
83,M,154875
35,M,88203
48,F,82495
51,M,89689
60,F,64200
62,M,90945
56,M,141657
38,F,116833
27,F,76477
54,M,127044
43,M,122177
54,F,105565
80,M,118074
78,M,119324
10,M,71858
64,F,70381
44,M,77177
66,F,103183
30,F,66133
36,M,100891
54,F,133989
43,F,46370
66,M,137323
24,F,39950
83,M,148042
57,F,91434
55,M,94060
69,M,87334
54,F,63035
15,F,37239
53,M,122619
22,F,52678
36,M,72309
80,F,109332
42,F,88394
49,M,105238
51,F,69346
15,M,75351
57,F,134497
28,M,98683
57,F,84060
83,M,177507
39,F,88224
43,M,90616
36,F,80776
78,F,98143
50,F,59684
27,M,55653
78,M,114662
34,M,54842
21,F,70462
44,F,85165
52,M,94558
42,F,61990
64,M,154528
27,M,83490
24,M,58179
38,F,89427
36,M,104235
52,F,95384
56,M,101644
62,M,96581
15,M,102666
59,M,142524
26,F,28206
88,F,154543
35,F,79537
69,M,118061
83,F,135329
17,M,60531
27,M,100182
72,M,126925
35,M,121215
26,F,28724
51,M,130407
57,M,94953
37,F,63945
45,F,103405
48,M,77319
48,M,93158
63,F,104319
49,M,117009
53,F,63503
69,F,88661
79,M,95874
26,M,84118
29,M,69464
67,F,73581
67,M,144136
36,F,48190
24,M,62086
42,M,72436
43,F,110997
9,F,12422
63,M,91267
42,F,66667
62,M,101511
49,F,105476
23,F,42119
37,M,80219
65,M,103793
57,F,94485
41,M,90595
50,F,86855
78,M,124702
27,F,52262
64,F,86523
72,M,102282
44,M,103169
23,M,69049
77,F,91935
85,F,138143
32,M,61927
51,M,76593
69,M,124689
74,M,151660
76,F,126787
21,M,48664
66,M,111497
39,F,53015
69,M,131439
58,M,145796
63,M,146263
75,M,121949
85,F,140578
44,F,84337
61,F,80043
86,F,142377
59,F,97898
27,F,60429
65,F,107375
65,M,98248
67,M,85587
45,M,95336
32,F,76799
64,F,105791
43,M,118448
60,M,122440
32,M,70752
35,M,103976
57,M,67950
42,M,67644
39,F,67470
49,F,105817
41,M,87176
19,M,63009
58,M,88230
40,F,111965
40,F,65380
54,M,86820
68,F,83559
22,M,62649
47,F,69429
13,F,39861
20,M,75527
41,M,104202
48,M,117393
43,F,86567
44,M,83337
47,M,111509
49,M,93921
13,F,49460
54,M,116480
76,F,89243
50,M,93506
86,M,95829
56,F,94995
22,F,40028
33,M,88314
53,M,103891
23,M,105387
70,F,122369
59,M,87169
65,M,114474
49,F,107195
43,F,88289
51,F,60267
52,M,134273
56,M,93823
6,M,54166
50,M,64591
46,M,104918
41,F,45686
30,M,90507
48,F,63789
41,M,96123
42,M,117896
35,M,109564
34,M,83959
52,M,103202
74,M,112625
54,F,123881
51,F,74781
20,F,80775
85,M,136328
52,F,73307
46,F,54560
25,F,29925
86,F,105069
33,M,113011
20,F,48070
53,F,98315
46,M,95142
50,M,65017
45,M,96070
26,M,76692
22,F,86128
43,M,90405
24,F,69722
65,F,90237
34,F,72301
35,F,64288
53,M,102355
49,M,119258
44,M,122896
34,M,46660
21,M,56510
77,F,150974
63,F,113433
22,F,38546
73,F,74587
31,F,67718
30,F,62998
57,M,111591
29,M,101869
57,F,103917
37,M,91835
50,M,97158
55,M,115544
63,F,114869
21,F,37533
68,F,102936
50,M,96466
34,M,73124
33,M,97818
10,F,14121
84,M,159576
32,F,43759
39,M,68296
38,M,84712
59,M,129922
45,F,61099
63,F,94338
48,M,120782
83,M,157170
48,F,123792
76,F,119760
39,F,70965
50,F,76628
37,F,60930
62,M,101338
45,F,100116
47,M,76281
81,M,96011
60,F,113401
63,M,108256
18,F,73005
61,M,95973
84,F,105558
23,M,57937
62,F,108886
39,F,86060
38,F,105724
43,F,62257
34,M,110579
78,M,149359
68,F,100413
76,F,112485
8,F,19204
29,F,74656
55,F,124939
61,F,89449
60,M,130362
62,M,118943
22,F,82962
62,M,110021
85,F,122998
24,M,75839
58,F,82098
50,F,72962
38,M,90985
67,M,154915
54,M,94255
24,F,50569
63,M,95741
42,M,74253
69,M,166622
43,M,84892
74,F,93031
57,M,122402
31,M,96865
47,M,112435
73,M,120172
56,F,67012
58,M,80298
61,M,129255
11,F,70543
36,F,56695
24,M,75722
70,F,82547
38,F,49423
54,F,77732
53,F,103097
32,M,76268
41,F,45888
62,F,74633
48,F,96861
58,M,87269
54,F,68568
72,F,124472
48,M,129841
59,F,104583
70,M,107775
17,M,55633
31,M,71792
43,M,57289
19,F,30081
29,F,42645
64,M,110239
69,F,110706
26,M,45306
20,F,58409
68,F,76113
49,M,74040
84,F,113046
70,F,81424
52,F,118726
49,F,67449
69,F,114985
42,M,74953
64,M,142949
65,M,103590
69,F,81140
49,M,72535
82,M,110021
24,M,49774
44,M,75575
36,F,69715
42,M,59877
47,M,102521
30,F,59986
38,F,93544
85,F,110322
71,F,101927
72,F,83039
23,F,46540
24,M,40942
82,M,111387
65,F,98365
42,F,73443
33,F,65755
53,M,91610
58,F,79706
65,F,87125
66,M,123491
66,M,142296
47,F,117322
57,F,104808
81,M,121170
72,F,94836
31,M,102202
37,M,92086
59,M,139506
52,M,125978
70,F,94254
56,M,136105
51,F,110362
22,F,51395
78,F,101013
57,F,108677
31,M,76967
61,F,79901
19,M,73629
33,F,65033
36,F,96878
52,M,125979
58,F,105368
51,M,77775
54,M,101113
71,F,116265
77,M,149226
66,F,101484
50,F,106080
60,F,113794
48,F,62539
66,M,115417
38,F,103134
50,F,65568
66,M,130528
38,M,98900
62,M,115283
38,M,72344
67,M,98322
31,M,108914
27,F,86334
58,F,127670
46,M,105790
23,M,32588
69,M,140471
62,M,101124
57,M,144773
68,F,89091
11,F,41367
50,F,59297
28,M,103954
29,F,68575
49,M,96083
32,F,44672
40,M,105780
66,F,86880
78,F,104510
72,F,107449
37,M,91625
50,M,113723
16,M,80543
70,M,94048
47,M,102037
65,F,99985
26,F,50434
54,M,97398
52,M,136407
61,F,88650
32,M,102026
85,F,120695
33,F,47394
19,M,44627
15,M,91752
45,M,112501
44,M,54881
31,M,58540
36,F,62419
36,M,82799
16,M,78254
41,F,92869
58,M,88038
89,F,103454
88,F,136693
45,M,78976
20,M,49695
69,M,108766
47,M,104116
69,M,132009
62,M,89666
49,F,71910
28,F,109209
13,M,42205
47,M,117867
57,F,79780
72,F,100581
18,M,90336
54,F,70724
18,F,60781
92,F,123716
42,F,91245
57,F,85683
68,M,114669
65,F,106073
35,M,70397
54,M,77997
52,F,64110
68,M,137705
19,F,41590
24,F,50298
46,M,90948
40,F,91748
46,F,95825
58,F,75364
46,M,73536
39,M,54034
28,F,44732
43,M,98175
26,M,70164
45,F,66269
50,F,100189
12,F,28762
23,M,45770
26,M,59594
62,M,137196
44,M,74386
69,M,101054
70,M,138496
58,M,137178
48,M,94813
51,F,100950
63,F,81216
41,F,57493
57,F,133345
65,F,73348
53,F,94702
55,M,145160
58,F,78228
41,F,53563
53,F,66145
61,M,118767
65,M,139959
54,M,118923
35,M,111727
94,F,160988
80,M,127008
53,F,66105
37,M,69418
42,F,69884
42,M,100769
72,M,162032
45,M,130334
12,F,36710
70,F,76914
70,M,109483
73,F,104598
73,F,114226
21,M,61680
33,F,75033
60,F,120629
55,M,114628
75,M,160198
75,F,119425
67,M,114164
31,M,105398
25,F,80425
70,M,98172
33,M,105968
35,M,110816
48,F,113641
44,F,94259
39,M,93996
35,M,107085
71,F,93485
61,M,93326
22,M,94321
49,F,95394
55,M,99942
68,F,119518
72,M,136561
74,M,147643
30,M,78245
62,M,124486
36,F,56212
6,M,57436
29,M,111573
31,M,82338
31,M,102074
49,M,59218
86,F,150318
86,F,127720
17,M,91113
68,M,119233
32,F,92124
53,M,124253
36,M,75885
63,M,88398
51,F,75366
74,F,101726
83,M,142126
52,F,91973
56,F,81305
71,M,97310
59,M,77802
54,M,103852
38,M,114165
51,M,142579
86,F,105511
81,M,148067
79,M,162142
77,M,124147
68,M,123751
35,F,64494
21,F,45637
68,M,119811
76,M,143169
82,F,129020
29,M,98197
46,M,79838
67,M,138083
27,F,39036
42,M,87446
14,M,43065
64,F,124233
35,M,84772
51,M,126093
52,M,99118
18,F,73731
94,M,174391
67,M,78639
32,F,92639
37,F,76773
50,M,82546
19,M,104460
52,M,102843
32,M,115460
61,M,124970
80,M,146183
51,M,122432
48,M,109433
31,F,54922
73,F,82843
66,F,95792
48,M,82193
46,F,88404
72,M,130636
49,M,134017
37,M,98004
66,F,81379
67,M,78238
55,M,104700
65,F,114384
37,F,43477
40,F,89585
48,F,103813
9,F,49074
44,M,113961
25,M,81310
82,F,134857
75,F,112983
68,F,123974
19,M,98163
39,M,74821
69,F,127087
64,F,112907
51,M,82858
62,M,126253
51,F,70382
93,F,135423
63,M,108310
42,M,95387
40,M,100229
81,F,95178
83,M,143167
45,M,115471
74,M,134063
21,M,45038
52,M,111459
41,M,76340
43,F,97706
8,M,85911
41,M,100977
53,F,103484
48,F,119270
59,F,70286
49,M,83194
57,M,116676
60,M,126155
27,M,65708
52,F,79203
50,F,96981
58,M,70510
27,F,75778
36,M,89196
63,F,80904
72,F,106276
58,M,117312
65,M,99706
32,F,35958
75,F,94399
54,M,122069
52,F,91840
66,M,134793
24,M,61088
91,M,139052
60,F,130316
35,M,95158
68,F,116284
48,M,99876
68,M,109287
69,M,126396
37,F,74927
38,F,64575
79,M,125304
51,M,113840
50,M,108848
64,F,93536
73,M,132318
59,M,131607
22,M,46779
63,M,114663
52,F,58548
21,M,63353
71,F,103587
67,F,88809
47,F,70541
26,F,36924
67,M,119152
12,F,30978
29,M,111870
35,M,85968
45,F,96019
67,M,151777
47,M,100030
64,M,134812
72,M,96808
22,F,38061
64,M,92362
47,F,77625
58,M,72946
62,M,113873
61,F,85501
13,M,58257
26,F,67558
92,F,114866
71,F,114810
45,F,110529
34,M,107109
62,F,69802
26,F,42999
49,F,98081
62,F,69508
62,M,117661
29,M,96311
34,M,68678
36,F,44584
33,F,92184
18,M,47233
83,F,141451
91,F,108880
41,F,72291
41,F,112030
69,F,87839
59,F,66087
76,F,87432
37,F,59910
24,F,62726
61,M,145926
78,F,144764
74,F,109527
24,M,92759
25,F,75522
43,M,69450
71,M,111576
34,F,52367
37,M,68539
28,F,82003
71,F,104392
42,F,87128
66,F,100923
35,M,68347
66,M,89514
34,M,71577
51,F,86649
47,F,84408
56,F,83819
21,F,51031
30,F,58924
28,F,55452
60,F,114316
31,F,67604
57,F,138514
79,M,135306
37,F,103583
36,M,106773
62,F,111957
29,F,54378
43,M,122178
52,M,123144
52,M,93677
72,M,122979
78,F,115435
35,M,78212
72,M,97960
50,M,95615
65,M,83781
46,F,48644
70,F,111692
26,M,97362
38,F,85516
62,F,118938
64,F,94462
67,F,101316
29,F,87206
52,F,71450
32,F,88762
57,M,103419
71,M,107217
28,F,40712
10,F,51815
64,F,129423
45,F,95926
90,F,142868
76,F,115915
51,M,90671
84,M,132992
46,M,74745
26,M,55774
29,F,35615
88,F,122987
62,M,94684
74,M,112619
33,F,44947
39,M,111739
42,F,126820
66,F,112742
63,F,89945
37,M,64684
64,M,137892
45,M,83462
40,M,126895
46,M,72808
82,M,113410
80,F,104322
51,M,98431
26,M,78233
40,M,117554
42,M,98579
75,F,101064
44,F,80892
89,M,119260
20,M,61861
48,M,115935
36,M,83004
81,M,125342
46,F,80141
58,M,122465
15,F,53529
71,F,102560
7,M,85726
15,M,75067
64,M,103859
34,M,68050
67,F,95540
37,M,63940
22,M,117568
70,M,84063
82,F,106497
60,F,139699
52,M,136116
54,F,87710
63,F,79500
49,F,119722
60,F,82843
47,F,124949
62,M,118847
84,F,112859
20,F,23516
25,M,84195
40,F,107104
28,F,57203
76,M,117512
39,M,49429
56,M,83730
75,M,112983
28,M,61318
40,M,77797
68,M,132142
59,F,92116
51,F,66297
48,M,96018
80,F,130491
15,F,52896
30,F,46949
17,F,38236
62,M,103352
84,M,139750
46,F,80077
53,F,107397
53,M,82092
25,F,39646
48,M,121477
45,M,93705
60,F,86672
25,M,69005
20,F,35180
51,F,80094
60,F,97106
56,M,120812
40,M,93808
43,F,84493
29,M,90116
49,F,61179
25,M,82832
37,M,106796
70,F,88879
47,F,68041
59,F,70573
54,F,109235
72,F,84963
22,M,80127
77,F,110981
36,F,58501
33,M,61962
42,F,74809
61,M,119730
36,M,85204
62,M,129450
55,M,126701
29,M,112397
68,M,97035
21,M,60219
78,M,143171
26,M,79837
51,M,75741
69,F,90136
70,M,131649
48,F,67370
47,F,64878
68,M,135588
32,F,61558
73,M,153540
34,F,57885
55,M,118610
45,M,63314
77,M,94522
44,M,112218
35,F,65649
72,F,111327
53,M,128400
19,F,37399
91,F,128776
43,F,82739
27,F,73117
42,M,88509
67,M,94687
32,F,92851
55,F,99398
59,F,115539
16,M,59937
51,F,60589
74,M,158172
69,F,109830
57,F,108967
33,F,39255
61,F,66638
27,F,41362
43,F,73275
47,F,92234
67,F,114540
74,F,96161
86,F,124659
86,F,104011
41,M,79865
71,F,74095
52,F,59429
74,M,105199
56,F,71908
81,M,106218
81,M,107284
72,M,134633
46,F,76344
55,F,72825
66,F,83850
58,F,84137
45,M,117282
16,F,68065
29,F,107756
26,M,56732
73,F,102990
82,F,111259
63,M,93818
78,M,134984
13,M,57479
46,M,80694
16,M,93979
78,F,137313
81,F,103694
19,F,43747
43,F,72019
26,M,69099
41,F,70451
30,M,62839
45,F,98663
13,F,31540
32,M,123266
90,F,110306
29,F,86540
34,F,99656
78,F,129694
20,F,27837
72,M,110996
73,M,99336
24,M,80688
56,M,113529
77,M,139551
69,F,107057
42,F,80946
54,M,109303
74,F,86310
29,F,48633
56,M,105294
33,M,58092
53,F,78854
64,M,96689
39,F,53031
52,F,93790
89,F,113748
53,M,136422
57,F,111551
45,F,84504
63,M,93093
44,F,63783
15,F,48285
44,M,87683
42,F,81524
52,M,131181
55,M,91557
33,F,40905
57,M,105706
70,M,120747
43,M,129680
52,F,87677
18,M,55121
20,F,93677
51,M,68592
57,M,85992
60,M,89534
38,M,102020
55,M,93674
79,F,113100
49,F,100924
71,F,101851
54,M,102768
67,M,144407
77,F,99035
27,M,81345
30,F,50066
50,F,62194
63,M,133107
45,M,85950
87,M,132955
65,F,86668
41,M,79466
62,M,110762
44,M,128353
26,F,37829
55,F,67761
77,F,92556
59,M,92077
71,F,151039
14,M,44606
43,F,79902
61,M,114912
41,F,89767
39,M,68811
58,M,99664
57,F,93590
21,F,80455
59,F,106307
67,M,132694
21,F,42420
74,M,116289
33,F,71013
55,M,96877
63,F,89592
72,F,87207
34,F,71439
50,M,74332
54,M,85957
64,F,105014
38,M,94019
73,M,139680
42,M,87931
59,M,131711
47,F,67441
39,M,110307
20,F,43763
51,F,59461
56,F,72694
39,F,64273
45,F,67314
69,M,121882
75,F,110524
64,M,149534
32,M,103887
60,F,75996
65,M,108158
61,M,135900
58,F,122891
67,F,77325
42,M,80604
65,F,86037
73,M,144368
40,F,48670
56,F,66216
64,F,79869
80,F,119602
71,M,127664
40,M,99840
57,M,104465
17,F,47632
32,F,68658
36,M,90000
38,M,90675
33,M,112589
25,F,43219
43,M,89629
65,M,98931
76,F,104123
11,F,88209
72,M,119440
40,F,98182
37,F,72921
41,M,80491
69,F,120938
24,F,52341
63,M,98024
78,M,124300
58,F,81172
58,F,87745
73,M,127822
94,M,123162
42,M,108716
35,F,41458
62,M,125011
51,M,107160
44,F,69282
51,M,121163
46,M,110712
69,M,129186
76,M,115379
21,M,83997
27,F,44929
60,M,125952
17,F,49525
42,F,71152
4,M,32037
55,M,120302
70,F,147993
62,M,103006
69,M,109208
46,F,54796
13,F,40884
86,M,159237
48,F,80528
47,M,79168
32,F,47068
76,M,111385
17,F,32979
23,M,46696
74,F,129225
73,M,151787
73,M,105870
43,F,49916
46,M,98148
68,F,140200
44,F,77265
48,F,83322
18,F,63129
62,F,85964
68,F,82450
48,M,91719
70,F,106608
44,F,54439
43,M,81860
48,M,89988
73,F,116821
37,M,110680
28,M,72684
79,F,101276
60,F,82287
83,F,123116
89,M,168986
24,M,94758
68,F,109321
72,F,93231
51,F,101128
31,M,96317
44,F,126906
83,F,108345
30,M,47421
26,M,84051
55,M,95582
51,F,75314
59,F,78568
59,F,91162
78,F,94942
26,M,57756
81,M,118842
45,F,94231
24,F,33098
68,F,130495
40,F,101305
42,M,76298
40,M,100185
29,F,38548
63,F,135586
50,F,97665
49,F,84089
40,M,86168
62,F,107386
13,M,41578
46,F,72972
65,M,111461
54,F,86084
86,F,133441
44,M,100800
72,F,107765
79,F,119158
66,M,104544
62,F,93682
70,M,135400
59,F,137750
82,F,131648
52,M,100111
24,F,52330
44,F,83704
44,M,92764
38,M,88709
36,M,104754
84,F,135027
6,F,43772
55,F,83430
72,F,92180
73,M,118258
77,F,155949
81,F,101899
48,F,60967
87,M,127305
39,M,85636
27,F,38453
20,F,35233
50,M,67171
44,F,80366
53,M,109684
56,M,119808
52,M,94328
66,F,108213
62,M,90809
11,M,49684
49,M,108982
19,M,53628
47,F,79854
68,F,103762
61,F,107708
70,M,148588
29,M,99447
61,F,102021
48,M,82341
47,M,76167
54,F,84424
48,F,134617
88,M,134643
34,M,92101
50,F,99433
75,M,122028
39,M,60822
77,M,133812
28,M,78310
44,F,97320
44,M,56839
5,M,12626
35,M,97156
77,F,96651
78,F,108747
20,F,48733
22,M,108064
37,M,75756
80,F,113402
50,M,78817
43,M,109658
48,F,110553
58,F,74216
58,F,105262
24,M,80617
52,F,56777
73,M,101555
67,F,85753
49,F,58107
55,F,58215
98,F,172673
72,F,120606
56,M,113319
18,F,42003
66,F,98310
45,M,72104
57,F,90003
15,M,46820
68,M,146288
37,F,81738
73,F,108827
68,F,106891
42,F,87694
45,M,87026
49,M,98528
67,M,116674
43,F,81211
58,M,151795
43,M,83103
29,F,70553
50,F,80059
18,F,37971
68,M,78449
46,M,138690
59,F,65273
38,M,130385
75,F,102680
72,M,103023
43,F,66731
48,F,124195
26,F,73792
66,M,107388
49,M,81581
27,F,53776
44,F,109754
48,F,65483
27,F,39078
24,F,73934
21,M,103395
61,F,81554
37,F,52766
63,F,84747
65,M,112038
52,M,83839
63,M,72015
57,M,122703
52,M,87600
31,F,50991
63,M,105761
44,M,95092
33,F,56379
33,M,83633
29,M,46006
25,M,85591
45,F,113991
76,M,112307
17,F,24495
12,F,67156
44,M,73740
16,M,44648
34,M,64131
50,F,76104
72,F,110245
72,M,110168
39,M,89869
21,F,77158
69,M,109112
68,M,142982
52,M,119521
60,F,89708
51,F,77810
53,F,92278
88,M,133750
77,F,105643
14,F,33054
47,F,53524
48,M,93410
57,F,94855
44,M,118590
75,F,117742
40,M,66011
23,M,53242
18,M,86880
78,M,113592
37,F,65618
26,F,45460
51,F,98294
38,F,59977
47,F,95392
72,F,78269
41,F,98467
53,F,79085
65,M,132530
22,F,47362
72,M,117393
31,F,98833
57,M,110892
39,F,84358
75,M,166872
32,F,45942
71,F,107331
54,M,120374
66,M,101197
69,M,108939
33,M,61956
40,M,70112
51,F,66556
87,M,136480
67,F,75650
38,F,46461
41,F,93387
57,M,108142
66,F,82192
44,F,103295
34,F,58585
7,F,58262
11,F,56022
31,M,108846
27,F,48362
78,F,94111
39,F,72886
31,M,86758
49,F,99981
13,F,50534
48,F,60012
60,M,150084
45,F,98631
43,M,75173
85,F,112777
46,F,64059
43,F,81023
48,M,91695
56,M,111677
15,M,36497
21,F,34669
70,M,146369
16,M,54644
61,F,129965
28,M,82719
17,M,60517
57,F,98948
58,F,112159
51,F,67164
41,M,94106
28,F,71658
54,M,113858
42,F,105377
23,F,30805
49,M,112803
62,F,70374
73,F,79638
34,F,52587
53,F,73782
46,F,92012
40,F,98429
18,M,73839
76,M,109095
21,F,69973
74,M,146638
35,M,95046
52,F,83000
53,F,89591
70,F,117872
60,F,124022
27,M,65905
72,F,90446
34,F,44554
31,M,72276
75,M,130902
25,M,93019
37,M,101918
50,F,77943
47,M,119600
66,F,103148
37,M,80812
68,F,108096
24,M,51147
46,M,107830
66,F,84741
81,F,123323
21,F,33217
14,M,45394
39,F,53422
29,M,58854
46,M,108280
44,M,84567
42,M,77661
46,F,103015
65,F,99940
83,M,114705
57,F,116029
45,M,99396
25,M,83872
48,F,54148
14,M,48314
50,M,124213
65,F,110446
47,F,90563
56,F,64491
33,F,82934
60,M,122145
43,M,86798
90,M,137833
65,M,92735
61,M,126591
64,F,78579
49,M,81711
40,F,79170
86,M,143018
53,F,82908
56,F,68892
74,M,166373
33,F,70417
80,F,118541
20,F,42619
2,F,14571
83,F,136019
66,M,143671
26,F,41367
47,M,124357
25,F,46840
48,M,94180
68,F,113983
66,F,80620
43,F,57994
45,F,111174
65,F,94661
84,F,105077
64,M,131231
11,F,38601
45,F,66934
68,F,80772
65,F,83292
37,M,100391
35,M,76685
45,F,78364
37,M,83502
43,F,51249
73,M,152758
79,M,122444
64,M,112394
64,F,104136
86,F,121116
68,F,93266
64,M,106605
42,F,46682
32,F,53892
39,M,70761
71,F,88910
91,F,119899
56,M,117918
82,M,112390
28,M,84232
33,F,57026
42,F,71432
29,M,117319
46,M,101472
51,F,97829
47,F,92316
65,M,109965
35,F,63518
48,F,95384
36,F,63634
66,M,102431
35,M,70346
61,F,128515
59,M,117852
44,M,58690
27,M,67035
59,M,140449
53,F,77682
52,F,93101
25,F,51714
77,F,85211
29,F,39729
11,M,92213
52,F,65349
68,M,109132
47,M,130836
31,F,57153
36,F,75517
68,M,109087
69,M,122315
62,F,82404
38,F,65122
31,M,46814
26,F,53392
33,M,103346
40,M,92085
31,M,56365
65,F,95754
89,F,154359
14,M,64167
72,M,115746
44,F,98392
30,M,109317
21,F,66231
75,F,77416
86,M,138863
30,F,40444
71,M,134788
38,M,103498
79,F,114877
18,F,44944
67,M,96438
47,M,129053
56,M,97490
77,M,141368
73,F,110890
36,M,71119
40,M,110484
21,M,72186
48,F,69428
36,M,42575
77,M,136434
77,F,130657
51,M,82929
48,M,88205
47,M,133722
53,F,87283
43,F,87992
48,M,111453
46,M,129544
15,F,62846
49,M,99103
50,M,109548
72,F,136587
89,M,99815
64,F,87939
23,F,102558
35,M,90957
32,F,40022
53,M,76108
63,F,79114
33,F,105382
83,M,139621
41,M,89901
79,F,88947
33,M,98746
70,M,95781
28,M,96393
48,M,92020
48,M,102685
71,M,130045
58,M,128361
68,M,125128
13,F,62941
74,M,107520
30,M,73036
52,F,62214
46,M,90022
38,M,83570
30,F,55436
62,F,95941
61,M,141247
69,F,105240
76,F,109503
62,F,102713
52,F,97332
64,M,137655
20,M,66162
55,M,82587
23,M,65490
39,M,80176
24,F,63437
23,F,56847
55,F,112679
9,M,35985
66,M,114053
62,M,98517
42,M,95707
38,F,60227
34,F,60735
47,M,87420
59,M,120493
32,F,80937
39,F,93089
29,M,64684
38,F,45245
80,M,98762
56,M,97167
54,F,70244
49,M,109978
48,M,122913
51,M,96048
58,F,73715
38,M,107337
30,M,62255
48,M,119380
21,M,50613
74,F,119950
52,M,111064
51,M,138476
65,M,104501
69,F,119185
18,M,81529
42,F,73178
36,M,49247
20,M,67393
70,F,120777
44,M,111380
66,F,79521
41,M,79623
68,M,111517
51,M,83232
38,M,114783
48,F,80277
45,M,100265
37,M,132649
60,M,105381
58,M,70336
76,F,101561
53,M,73320
45,F,77172
47,M,103594
69,M,137565
13,M,45352
14,M,65921
76,F,128854
34,F,43302
25,F,57099
29,M,71312
77,F,91464
57,M,112967
25,F,54474
55,F,84039
45,M,85128
34,M,96417
67,F,122249
45,F,82451
79,M,145329
68,F,114677
61,M,81360
10,M,86766
67,F,101139
33,M,40600
50,M,92710
36,M,61064
44,F,65496
27,F,90172
52,M,123203
47,M,119879
43,M,120548
49,F,89974
62,M,83798
32,F,53680
55,F,91971
34,M,105309
52,M,68167
24,F,88308
28,M,95883
24,M,75945
34,F,78468
30,F,38879
57,M,113229
79,M,148667
49,F,71688
47,M,102270
41,F,56214
17,F,23159
51,F,78249
28,F,66254
37,M,60413
72,F,104477
26,M,76129
37,M,102901
47,F,80299
57,F,123036
75,M,105960
43,M,89854
30,F,90268
52,F,69292
63,M,123598
56,F,77788
66,M,110955
43,M,111929
29,F,96612
68,F,87896
34,M,88267
53,F,70167
62,M,132958
44,M,99958
72,F,101411
45,F,68980
24,F,66525
54,F,80989
23,F,48370
71,F,85312
27,F,66925
25,M,100304
48,F,55819
63,F,133621
52,F,68945
45,M,82294
42,F,92981
45,M,119624
49,M,101828
73,M,93627
30,F,78069
61,F,97949
53,M,122417
25,F,63971
43,M,67629
44,F,81760
31,F,55190
46,F,77245
44,F,105593
28,F,37328
34,M,101561
21,M,81232
25,F,49803
56,F,80503
37,M,87585
69,F,82339
69,M,117041
33,F,52780
60,F,63450
18,M,75442
43,F,88671
65,F,120929
30,F,105171
43,F,80787
62,M,141130
48,M,129592
80,F,147371
32,M,89250
58,M,119232
79,F,97593
62,F,83289
30,F,38095
82,M,139190
37,M,80200
89,M,105338
50,M,71001
52,F,92142
17,F,75607
48,F,90434
59,M,114635
62,M,71216
56,M,91514
70,M,130317
32,M,88474
23,M,92934
37,M,103684
45,F,55134
72,M,104659
51,F,127906
49,M,71754
22,M,75581
47,M,82107
64,M,135998
46,F,82832
34,F,34766
79,M,98752
62,M,120621
52,F,73384
44,F,56326
28,F,75112
64,M,93773
34,F,70486
52,M,106601
81,M,93750
41,M,55752
55,M,82485
47,F,57070
83,M,141457
73,F,105749
69,F,78043
46,F,108158
42,M,87327
45,F,100134
22,F,63973
22,M,54822
37,M,79794
55,M,67507
73,F,117372
37,M,88469
48,M,141943
85,M,133171
75,F,118205
82,F,125915
21,M,76936
61,M,145751
56,F,126389
51,F,97319
63,F,77606
60,M,115950
70,F,129838
85,F,91920
65,F,129906
29,F,70386
28,F,55385
51,M,75895
50,F,101933
84,F,143799
60,M,100602
40,M,90261
67,M,80114
35,F,84522
38,M,69487
21,F,86330
91,M,128689
25,F,93419
23,M,84986
18,F,42872
38,M,62611
24,F,34037
43,F,63268
49,F,102461
16,M,30305
68,F,90654
22,M,49539
60,M,140656
76,M,121802
84,M,132076
17,F,72628
32,F,74715
36,M,99832
63,M,115931
25,M,73280
34,F,90345
33,M,98573
18,F,67298
35,M,84590
48,F,80844
30,M,80590
79,F,118164
31,F,43659
36,M,120466
78,M,134077
77,M,118991
63,F,135013
61,M,121110
46,M,84938
8,F,56058
77,M,139539
58,F,95863
63,M,111356
67,M,106808
75,M,139032
75,F,92129
73,F,134468
74,M,125500
28,M,73850
88,F,107610
32,F,49520
31,F,41175
78,F,123188
13,F,40508
34,M,85362
35,M,77985
69,M,112859
47,M,77103
17,M,32623
81,M,141239
38,M,120482
40,F,58972
10,F,78778
49,M,120188
9,M,56900
58,M,105508
24,F,71190
33,M,53273
70,F,104607
17,F,43212
46,M,100113
62,F,144048
64,F,107357
48,M,124968
62,M,141426
43,F,91778
25,M,76449
54,F,59244
36,M,70991
41,M,85261
31,M,59605
63,F,119468
29,F,50939
37,M,86599
17,M,83757
34,M,90133
69,F,89999
85,M,157161
64,M,119980
41,F,114996
40,M,71449
47,M,75817
34,F,69704
29,M,58389
93,M,157291
48,M,110285
53,F,87760
48,M,85568
68,M,97528
64,M,119465
31,F,38880
32,F,54929
39,M,125541
67,F,76606
48,F,69279
66,M,120670
51,F,131186
34,M,65140
64,F,78145
37,F,75528
79,F,116086
38,F,98040
52,F,81344
21,F,43405
83,F,113451
33,M,113327
40,M,95569
43,F,52226
41,M,90771
83,F,101286
57,M,117626
70,M,118910
79,F,119652
21,M,83809
68,M,107054
57,M,88982
54,M,127000
13,F,51481
37,M,57459
52,F,92478
33,M,72188
23,F,55927
37,M,97205
46,M,80716
32,M,120115
74,F,101023
27,F,57038
11,M,74547
38,M,80695
72,M,120034
78,F,123040
54,M,76429
33,F,44340
66,M,122719
72,M,111986
76,F,107537
56,M,122402
49,M,91002
65,M,114990
34,F,78607
42,F,61519
71,F,77205
72,F,81081
77,F,89022
52,M,118686
20,F,45182
29,F,63232
59,M,111536
47,M,92994
63,M,121591
49,M,87783
51,M,139636
68,M,123284
9,M,92272
40,M,96485
27,M,44713
64,M,83274
70,M,123836
54,M,125378
67,F,98459
51,F,75579
35,F,39128
83,M,101420
48,M,117773
34,F,52256
85,F,107277
47,M,80098
51,M,113636
46,F,104786
28,M,81310
76,F,113835
57,M,94432
54,F,90818
77,F,108573
24,M,91453
39,F,45125
35,M,111739
74,M,128488
37,M,129317
56,M,93645
59,F,92813
44,F,71008
57,F,114582
52,M,97951
37,M,60807
56,M,125695
82,F,100542
32,M,90184
47,F,102579
20,M,56229
77,F,85048
67,F,83072
58,F,84149
71,M,113709
38,M,72417
21,M,46661
57,F,69113
43,F,63143
13,M,86719
73,F,151951
43,M,70655
58,M,81310
65,M,110485
32,F,53843
56,F,81215
64,F,130212
36,F,80631
33,M,102108
88,M,148589
65,F,120876
69,F,76419
35,F,115411
33,M,106653
49,F,88282
67,M,98636
74,F,131696
49,M,63365
30,M,111958
73,M,114745
21,F,28565
52,M,112037
35,M,81933
51,F,67532
48,M,142336
28,M,71226
80,F,126487
31,F,44382
61,M,110536
25,M,38351
63,M,88869
39,M,81143
69,F,93644
47,M,91361
63,F,103708
34,F,64165
81,F,161140
68,F,85979
65,F,78059
7,F,51915
51,M,106083
72,M,99844
32,F,79018
58,M,87329
36,M,70263
49,F,71495
66,M,127775
44,F,64384
63,M,144476
51,F,63382
41,F,68045
43,M,106214
68,F,133644
60,F,125723
31,M,89938
56,F,120180
39,F,58163
67,F,101828
82,F,130997
41,F,71809
66,F,126676
47,F,128402
75,M,117996
61,M,111693
21,M,80603
34,M,60179
34,F,47574
27,F,55123
71,F,81304
48,F,80840
37,F,87178
38,M,90458
68,M,117987
20,M,60308
46,F,65524
42,F,93950
30,F,49379
11,F,27941
75,M,135729
84,F,114520
19,M,53954
29,F,41591
26,M,99240
56,F,63759
17,F,25893
52,F,70751
68,F,78597
29,M,57398
73,F,95562
66,F,126909
59,M,105787
58,F,82917
80,F,115634
71,F,82267
66,F,87078
41,F,54057
31,F,40067
39,M,104862
80,F,109665
40,M,91884
26,F,37800
52,M,118311
80,F,120310
72,F,117376
45,F,123270
60,F,85571
41,F,81761
78,F,82806
22,F,40847
24,F,66048
54,M,108808
28,F,31347
73,F,142429
21,M,59647
37,M,92855
47,F,125190
42,M,82690
61,F,96916
64,M,142845
65,M,116293
53,F,93607
32,F,51224
34,F,84178
40,F,58983
33,F,64217
22,F,50503
80,F,123237
60,M,105209
34,F,61994
47,M,127339
25,M,81332
44,M,72307
49,M,112315
59,F,131529
42,F,100291
50,F,71273
46,M,106831
52,F,69976
40,M,76477
61,F,104400
7,F,47295
50,F,69779
57,M,116314
50,F,88291
70,M,96334
75,F,106363
45,F,101927
53,M,92180
76,M,132176
78,F,130228
64,M,125299
47,M,139374
28,F,67242
81,M,131474
66,M,97532
60,F,82910
45,M,117493
48,M,85796
77,F,81623
34,M,102097
44,F,53025
43,F,76012
39,F,60515
60,F,98753
54,M,115946
57,M,80639
37,F,79777
58,M,69337
65,F,107849
26,F,73446
82,M,151754
48,M,93176
42,F,71920
67,M,117054
55,F,113451
53,M,128252
77,M,159301
65,F,83447
55,F,112113
38,F,48304
71,F,125919
60,F,63203
91,M,117152
24,M,106978
57,M,112719
34,F,66344
49,F,66952
32,M,96787
36,F,112658
33,F,70188
43,F,80863
48,F,54124
34,F,55899
19,F,54224
18,F,38079
44,M,112453
36,M,113233
49,F,102795
41,M,101375
62,M,131707
52,M,90302
24,M,55055
57,M,118397
40,M,94307
33,M,99499
59,F,88323
50,F,76165
28,F,65826
63,M,102549
49,F,111254
77,M,157655
56,F,104054
30,M,104155
41,M,68692
63,F,92495
20,M,67430
31,F,64716
41,F,61766
49,F,101124
41,F,69694
29,M,58891
67,M,90357
43,F,54907
51,M,82636
21,F,44004
48,F,70688
55,F,88597
59,M,143145
17,F,50841
37,F,50465
85,M,111528
30,M,51632
5,M,59567
49,F,68468
54,M,88501
75,M,107588
63,M,136754
54,F,74977
64,F,136562
56,F,59491
48,F,77117
65,M,135588
46,F,68716
67,F,95509
72,F,125149
44,F,98992
69,F,106797
76,F,82763
67,F,93814
65,M,95630
70,F,98134
70,F,127080
50,M,77884
67,M,116525
37,M,87599
25,F,62209
59,M,95598
28,F,68073
35,M,75237
55,F,99678
25,M,83107
59,M,104416
52,F,120638
30,M,119954
39,F,71343
68,F,120636
60,M,118286
25,F,75214
51,M,122941
34,M,100457
79,F,120020
38,M,93506
39,F,99041
57,F,92827
92,M,137606
34,M,56207
56,M,95046
47,F,65109
38,M,66662
37,F,47110
37,F,63444
26,F,119702
44,F,99072
38,M,88018
26,M,62655
44,F,56857
47,F,81734
62,F,81196
65,F,88441
84,F,141164
56,F,106708
43,M,98746
30,F,54560
48,F,106519
68,F,113303
61,M,144142
32,F,54061
59,M,140164
59,M,132466
23,M,88730
58,F,120326
49,M,94968
46,M,75127
81,M,99683
55,F,97180
49,M,92464
62,M,105148
51,F,84414
55,M,72786
17,F,22981
8,M,67323
36,M,91132
71,M,140460
55,F,76236
64,M,113261
64,M,118637
73,M,159216
44,F,92062
17,M,76692
59,F,90669
43,F,63530
30,F,45583
30,F,43110
82,M,132032
75,M,154152
76,M,123375
79,F,122751
73,F,111434
46,F,76743
34,M,87286
46,F,73132
62,F,109893
58,M,103392
12,M,69461
33,M,41593
28,F,83426
23,M,84287
47,F,62416
60,M,88895
55,F,80893
96,F,136105
56,F,89736
53,M,141817
47,M,94956
77,M,133734
67,F,96710
66,M,90880
51,F,75281
24,M,57960
38,F,77153
36,F,70286
57,F,78725
44,F,52632
11,M,61243
63,M,109986
53,F,108641
23,M,58243
60,F,104598
51,F,96925
50,F,57791
36,F,63533
60,F,99747
20,F,81336
32,M,66061
55,F,65191
77,M,123897
17,F,52948
46,F,82003
56,M,105568
61,F,67608
87,F,144239
18,F,28224
45,M,62753
54,M,92931
69,M,98490
86,M,144580
52,F,89183
55,F,97993
34,F,57020
72,M,123342
37,F,62044
45,M,106982
25,F,44600
61,F,150982
24,M,94070
53,F,81708
38,M,95701
47,M,116345
46,F,84863
93,M,134252
19,F,41894
45,F,111903
68,M,142563
57,F,77999
58,F,69511
52,F,76824
22,M,106995
36,M,62392
37,F,59995
70,F,101644
29,M,73340
47,F,86880
42,F,85250
89,F,118471
41,M,84071
46,M,113922
58,F,117751
52,M,99427
41,F,125642
24,M,77891
62,F,103711
64,F,94957
66,M,93582
47,M,93823
54,F,87409
70,M,153125
71,F,79266
43,M,63755
59,M,109912
43,F,109403
45,F,76168
81,F,128865
63,F,85923
71,F,94750
25,F,44531
38,M,59931
84,M,160662
63,M,115159
59,F,78101
14,F,37315
37,F,39817
53,M,119624
45,F,50557
68,F,127451
52,F,89257
9,F,78634
74,F,123543
72,M,129104
59,F,65802
48,M,92700
49,F,119945
89,M,126645
38,M,51694
44,M,102404
22,F,56033
63,F,112951
46,M,78022
28,M,56816
65,F,103430
13,F,63350
18,M,56633
45,F,88749
86,F,104559
70,F,83297
32,F,60684
50,F,59154
56,F,68271
77,F,106629
52,F,60508
54,M,112739
75,F,130146
59,M,83148
47,M,107476
69,M,101797
15,F,45370
37,M,115855
26,F,69295
38,M,121825
79,M,151156
88,M,169218
53,F,71064
52,F,95446
46,M,130295
58,F,90518
64,F,97701
24,M,73039
76,M,145830
51,F,112684
54,M,85104
84,F,105573
33,F,50571
58,F,128232
36,M,110560
36,F,52272
48,F,79279
56,F,78390
49,M,137402
35,M,85741
78,M,134837
82,M,121214
40,M,101443
45,F,81540
31,M,61963
48,M,88833
70,F,111185
66,M,89487
40,F,75287
65,F,104860
45,M,115653
70,M,95350
22,M,107860
72,F,102287
34,F,45105
80,F,115366
17,M,75081
48,M,96819
45,M,74390
43,F,69146
44,F,60378
82,M,91553
37,M,71420
65,M,122885
58,M,110972
49,F,124026
77,F,134353
64,M,113266
79,F,103503
50,M,114219
33,M,64830
69,F,89788
40,F,82112
47,M,111229
61,F,72778
28,F,76099
70,F,100425
81,F,114228
63,M,113102
57,M,115702
89,F,158697
5,F,22989
41,F,78191
30,M,95598
28,F,60755
70,M,120515
47,F,90058
74,F,93347
63,M,77714
33,M,117162
54,F,79021
67,F,92144
35,M,44570
48,M,74163
62,M,84791
48,M,88612
58,F,71451
51,F,75255
60,M,151098
38,M,69280
77,M,110390
52,M,79461
61,M,116925
36,M,74429
62,F,119223
78,F,97843
26,F,65825
18,M,53856
38,M,114684
18,F,42113
54,F,127781
48,F,62690
65,F,83278
38,F,80840
63,F,138023
59,M,111590
52,F,93108
54,M,72569
39,F,111976
47,F,63591
32,M,77518
47,M,100438
65,M,147678
25,F,71652
57,F,86396
35,M,105755
54,M,90469
42,F,62029
26,F,51690
29,M,91154
19,F,92393
72,F,124313
44,M,86888
76,M,131796
29,F,48306
40,M,62425
68,F,108192
39,F,84604
36,M,107166
29,F,66491
40,M,79351
52,F,71571
54,F,121871
80,F,93216
67,F,105299
49,M,91610
48,M,82490
17,M,75249
30,M,77421
67,F,118186
29,F,77681
59,M,116972
74,M,135545
61,M,110279
23,M,79399
66,M,110110
56,M,98349
67,F,87562
54,M,90588
81,M,108947
58,M,152115
65,F,82443
50,F,93771
84,M,131266
46,M,97935
72,F,150350
65,M,152541
45,F,72367
67,F,83879
46,F,57029
74,M,97590
42,F,55929
65,F,70270
60,F,100746
52,F,90204
24,F,46265
68,F,95411
71,M,142771
37,M,121970
20,M,51015
52,M,111322
81,M,129717
79,M,126464
14,F,18860
32,M,79662
74,F,106557
20,M,102175
62,F,85838
67,M,133204
45,F,81757
50,M,109328
30,F,60310
65,F,95067
54,M,106073
34,F,52445
46,F,73457
39,F,48683
46,F,49512
83,F,111990
46,F,116753
27,M,78702
60,F,89165
32,F,99057
45,M,79641
52,M,132504
69,F,77208
32,F,79654
59,F,106164
60,M,104898
53,F,66524
63,F,89124
47,M,106821
52,F,69854
36,M,73925
50,F,69896
81,F,115953
29,M,95867
59,M,112553
57,F,76654
31,F,78241
79,F,95967
74,M,102650
59,M,128376
24,F,78983
58,F,81821
58,F,99616
69,M,108091
40,F,57678
65,F,102079
37,M,92281
55,M,140967
48,M,96271
32,M,69628
25,F,45807
25,M,72018
45,F,72234
34,M,67945
65,F,106339
51,M,93450
46,F,79453
55,M,101708
73,F,90423
75,M,96814
71,M,126476
31,F,67727
79,F,136327
29,F,40471
49,F,80622
39,M,108493
9,F,38638
33,F,77788
81,F,114964
58,M,129529
36,M,88906
61,F,107892
23,F,47109
56,M,91558
36,F,78860
63,M,107108
57,F,109352
60,F,104734
35,F,59284
58,F,86015
29,M,78333
72,M,137112
62,M,143297
47,M,86671
53,F,82052
65,M,135202
92,M,139416
28,M,71350
63,F,102805
55,F,99507
47,F,112002
58,F,78969
46,F,67332
15,M,90574
77,M,119275
27,F,48641
70,M,95343
62,F,111430
28,F,79373
66,F,91501
58,F,108349
39,M,80696
70,F,106581
42,F,73796
62,F,104727
42,F,65877
20,F,59141
17,F,60833
52,M,127436
61,M,133458
22,F,80451
64,M,124329
63,F,83640
47,M,114944
46,F,62890
26,F,105727
55,F,64263
57,F,62104
49,F,108556
61,F,97729
43,M,65167
81,M,141221
40,F,56713
70,F,128691
29,F,47510
71,F,106369
60,F,98663
26,M,74783
49,F,73948
65,M,119125
29,M,71181
66,F,94571
66,M,133909
40,M,56842
50,F,68121
50,F,107645
87,M,164632
46,M,80830
32,F,40889
79,M,101264
39,F,82959
53,F,74375
44,F,89738
65,M,83326
48,M,74573
37,F,55400
72,F,97040
71,F,90631
44,F,100099
39,F,67215
46,F,75688
38,F,72964
60,M,131254
87,M,96634
31,F,62502
51,M,115418
46,M,122449
34,M,80970
52,M,99175
52,F,63893
38,F,59681
49,M,77217
63,M,108621
36,M,70070
58,M,125006
44,M,108534
54,F,118003
56,F,93791
61,F,101788
67,M,132848
42,F,50698
82,F,111862
34,M,68698
68,F,103791
68,F,75140
43,M,98686
40,M,59011
47,M,111211
74,M,157544
81,F,127648
45,F,81440
56,F,115313
64,M,106131
57,M,132848
61,F,95396
28,F,37635
50,M,80073
24,F,44715
73,F,129257
33,M,94431
23,M,57786
70,M,140420
62,M,96614
36,F,102642
41,M,72438
55,F,71605
30,M,81036
37,F,61938
82,F,124449
75,F,79972
46,F,97453
17,M,64269
62,F,90191
12,M,43922
60,F,106758
48,F,80505
8,F,37332
43,M,109207
41,M,103282
30,M,87439
58,M,136764
71,F,100699
67,M,115619
58,F,118587
56,F,73525
60,F,94848
47,F,56320
28,F,80547
68,M,114547
70,M,125831
79,M,144806
51,F,114436
60,F,82673
59,F,105810
31,F,61790
88,F,106953
17,M,49167
48,F,59735
34,M,100391
6,F,11849
55,F,97650
54,M,115177
64,F,88039
88,M,122344
54,F,101045
82,F,124860
86,F,147732
64,F,113663
62,M,103740
27,M,79118
38,F,66705
26,F,36144
43,F,90685
47,F,64718
23,F,41862
49,F,66563
28,M,67484
39,F,68576
25,M,73023
77,M,133178
70,M,103088
46,M,100796
31,M,84229
64,M,93169
35,F,82750
50,M,133431
44,M,76297
53,M,98968
75,M,130101
48,M,92215
56,F,89500
26,F,65162
14,F,56405
14,F,55207
43,F,73820
47,M,90270
80,M,125593
35,F,49869
64,F,108404
56,M,131101
46,F,48547
75,M,115727
27,F,42888
35,M,97621
67,M,120529
77,F,133667
44,F,100443
36,F,50003
74,M,140572
56,M,118910
56,F,66277
71,F,101983
34,F,91602
35,M,105098
75,F,121788
48,M,97290
39,M,69070
34,F,49816
65,F,88283
52,M,105112
30,F,34734
53,M,71837
67,M,85601
20,M,70253
45,M,128115
71,M,124483
48,F,74479
43,M,92820
87,M,165021
67,F,97646
47,M,100250
42,M,53706
84,F,130306
77,F,88485
64,F,119336
56,M,132071
53,M,94298
72,M,88612
40,M,96542
56,F,78129
71,F,118124
35,F,92350
45,F,76882
20,F,21932
26,F,61889
60,F,72700
90,F,144934
17,F,56941
67,M,95249
63,F,96839
56,F,80120
69,F,113016
66,M,118905
27,M,96363
45,F,74492
67,M,118580
69,M,107728
77,M,140807
59,M,98131
42,M,82520
54,F,103538
71,M,113905
59,M,90752
85,F,146987
56,M,107742
33,F,60990
38,M,109311
59,M,101068
65,M,102429
23,M,87941
78,M,93155
66,F,115499
40,M,96004
41,M,102373
32,M,87854
29,F,89994
62,M,72396
57,M,92599
47,F,85206
31,F,52075
21,M,94232
68,F,101595
71,M,120884
32,M,51815
75,F,78177
14,F,55113
40,F,60081
71,F,92573
65,M,127252
84,F,113870
71,M,122261
43,M,91590
53,M,69684
46,F,62214
29,F,71023
28,F,51874
60,F,99368
6,F,41463
56,M,95245
54,F,86170
49,M,102903
53,F,99641
54,M,112626
73,F,82612
59,F,107800
16,F,48562
38,M,73486
28,F,57404
78,F,105248
52,M,68177
28,M,91102
36,M,64423
36,F,63734
38,M,103651
92,F,113224
68,F,116512
52,M,74346
72,F,121623
68,F,75982
48,F,75466
62,F,74070
70,M,151882
14,M,57687
55,F,97806
90,F,163412
54,F,82828
15,F,39810
11,M,53788
86,F,95111
21,M,92783
80,M,142121
50,F,53558
71,M,130893
38,F,77954
39,M,78787
60,F,75188
50,M,120153
64,M,128219
31,M,78863
65,M,109737
25,F,61527
54,F,93101
28,F,56285
86,M,124659
56,F,75305
8,M,91843
66,F,99851
69,M,124636
60,M,128443
38,M,70723
24,M,67862
11,M,52249
69,F,86767
73,M,95945
15,F,50552
39,M,68335
58,M,134967
22,M,101045
80,F,117412
32,M,73213
86,F,132330
15,M,64965
57,F,69091
56,M,100972
42,F,76739
58,F,86006
67,M,144547
56,M,97316
72,M,119894
63,M,108730
41,F,86272
35,M,77846
68,M,102706
15,M,59010
54,M,103768
24,M,49679
32,F,89451
49,M,83885
75,F,113868
46,F,73043
77,M,116550
19,M,81985
9,M,47276
79,F,115037
86,F,103551
36,M,96317
65,F,128574
8,F,24338
49,F,74354
44,F,61491
66,F,76726
28,F,58920
41,F,88569
47,F,67900
18,M,56113
35,M,87407
52,F,64773
28,M,84579
57,M,104567
49,F,81176
25,M,79592
46,F,86013
25,F,33722
54,M,84660
70,M,138370
32,M,79175
56,M,118144
49,M,77053
53,F,98407
49,M,82615
70,M,140181
43,F,100591
67,F,87995
42,M,92971
75,M,143666
65,F,86567
21,M,40204
60,F,108738
65,F,85723
63,M,87451
87,M,139262
76,M,111633
74,F,96909
41,F,66107
68,F,107181
53,M,109108
49,M,89719
36,F,74140
57,M,128575
45,F,68928
40,F,48986
53,F,65282
37,M,60715
22,F,48032
35,M,70748
70,M,155550
24,M,62810
30,M,58840
32,M,103863
24,M,73516
28,F,59411
39,F,96737
66,M,100157
22,F,48154
56,F,111201
31,F,73445
13,F,47470
41,M,101018
66,M,130862
34,M,84420
64,F,131522
36,F,62391
46,M,98878
71,M,98178
30,F,51844
26,M,60373
53,M,123929
25,M,77549
42,M,68250
56,F,94087
61,F,122238
66,M,121155
53,F,72647
44,M,111959
81,F,116869
83,F,121953
50,F,127948
37,F,89366
46,M,58296
36,F,70107
89,F,121576
19,M,47391
24,F,71799
70,F,92487
69,F,102888
46,M,105373
63,M,114614
46,F,76178
42,M,90648
69,M,108711
56,M,102240
72,M,141208
45,F,75297
56,F,94329
60,M,95509
59,M,123240
36,M,75502
70,M,85522
31,M,102593
57,M,119284
70,F,98265
23,M,53840
47,M,83953
58,M,121112
30,M,68192
72,F,114112
50,M,75135
31,M,104185
41,F,87310
22,F,42282
46,M,120807
12,M,61476
20,F,52473
61,M,78614
70,M,115148
50,F,90303
60,M,126040
31,M,75676
32,M,63710
64,F,132454
71,M,142035
9,M,71032
27,M,74042
83,M,124859
62,F,90820
41,F,81666
18,M,25887
31,F,53301
46,M,109641
28,M,99026
50,F,67020
47,F,66186
87,M,132102
47,F,96653
49,M,77242
21,F,30707
63,M,133811
53,F,83447
60,F,83947
42,M,115220
36,F,42461
57,F,93649
51,M,68329
75,F,113032
36,M,58432
70,M,131359
37,F,100205
58,F,80763
59,M,127745
61,F,114380
84,M,102713
70,F,89652
46,F,67621
73,M,134379
45,F,89453
11,M,58025
46,M,84771
41,M,102483
58,M,113529
50,F,61618
27,M,67771
28,F,79198
43,F,89850
62,F,98104
49,M,99311
68,F,71271
84,M,126277
21,F,36566
52,F,73961
57,F,68187
78,F,99295
58,M,105358
67,F,101300
81,F,129750
65,F,101943
68,F,97748
68,M,114095
65,M,142092
59,F,100826
59,F,97766
33,F,93850
64,M,119719
71,F,85754
76,M,162503
67,F,77083
43,M,102523
53,M,144459
32,M,63473
51,M,93122
64,F,87745
28,M,113870
44,F,91968
20,M,68728
71,M,119265
45,F,53001
53,M,90639
25,M,63147
37,M,95427
34,M,67933
52,F,88008
81,F,105778
57,F,133067
39,M,54588
40,F,70969
66,F,87037
47,M,62502
42,F,55366
49,M,84052
37,F,62175
47,M,101803
68,F,102092
54,M,96899
84,F,131000
71,F,120670
58,F,77437
51,M,75873
16,F,30883
47,F,65521
23,M,87932
90,M,119513
20,F,48120
67,F,77777
40,F,116875
52,M,104094
71,F,124120
60,M,81559
36,M,108277
45,F,69997
41,M,107980
37,F,65326
51,F,69329
36,M,72989
38,M,87989
48,M,92903
49,M,99108
35,M,100699
28,M,47748
81,M,96435
41,M,108753
51,M,83447
46,M,78738
40,F,96110
53,F,64959
45,F,94040
86,M,132137
33,M,75109
37,M,95445
40,M,55294
43,M,97567
40,M,58788
55,F,98096
55,M,130093
82,F,106871
59,M,120712
83,F,113553
79,M,125526
62,M,123278
32,M,95543
47,F,119802
54,F,80207
25,M,57088
56,M,118376
33,M,39478
59,M,122384
70,F,76539
71,F,94115
33,M,57197
62,M,105935
55,M,89059
56,M,131013
48,M,103676
36,F,44173
40,F,93483
18,M,72707
55,F,67133
36,F,84047
61,M,131104
30,F,47600
50,M,128355
71,M,128928
29,F,61222
89,F,91429
41,M,89540
22,M,99885
55,M,112061
66,F,80296
35,M,88859
28,M,85971
63,M,151335
61,F,129744
27,M,90485
60,F,79803
30,F,66832
75,F,115408
51,F,107383
51,F,116364
52,F,82502
79,F,132971
56,F,116557
29,M,83138
27,M,69237
46,F,62633
55,M,80297
27,F,108007
29,F,88757
58,F,80530
7,M,66778
56,F,68952
75,M,118617
40,M,75419
42,M,53065
43,F,52063
40,M,106145
50,F,70105
26,F,67203
24,M,69629
55,M,85250
39,M,91445
53,M,133452
42,F,70562
19,M,106457
51,M,117421
69,M,100116
55,M,129258
79,F,121806
20,M,91673
82,M,137030
74,M,117591
29,F,85295
28,F,65186
65,M,135833
51,F,129888
76,F,128501
55,M,128311
76,M,165542
41,F,50234
72,M,142937
32,F,95215
43,F,99074
55,M,129773
43,F,65300
38,F,40735
69,F,121785
17,M,80451
37,F,46641
53,F,73961
67,F,103550
70,F,81779
88,F,128451
43,M,98878
59,M,128052
53,F,73515
59,F,77361
53,M,108301
15,M,72614
64,F,73192
57,F,103074
60,M,132628
8,F,47284
50,M,99753
35,F,68098
28,M,85725
21,F,45613
52,M,120922
69,M,131736
63,M,127193
67,M,131184
66,M,116587
29,M,100062
55,F,81562
58,F,71883
72,M,141128
82,M,138722
53,M,116877
17,M,70078
25,F,65209
70,M,121983
14,M,98707
53,F,72378
62,F,80637
46,M,120856
52,M,97723
72,M,136444
81,M,149663
74,M,116613
28,M,70998
59,M,106484
53,F,58017
23,M,114782
54,F,101548
38,M,83707
72,M,141489
62,M,127176
54,F,90409
31,M,85009
49,M,105016
61,F,69603
74,M,123750
86,M,142944
25,F,61112
66,F,97278
75,F,156694
51,F,60000
57,F,101309
48,M,126849
49,M,81260
49,F,64437
29,M,80724
71,F,83354
46,F,80984
23,F,62740
81,M,150274
54,F,76915
77,M,109279
41,M,55059
56,F,97697
43,M,72226
34,M,114050
59,F,64395
16,M,67006
24,F,53091
35,M,80943
48,M,107013
72,F,104116
63,F,96440
24,M,86425
34,F,74451
87,F,118113
37,F,68410
31,F,50580
69,M,124987
71,M,109284
20,M,89801
50,F,81800
57,F,94890
71,F,110525
76,F,107966
69,M,117623
46,M,120647
15,F,75939
52,F,98472
28,M,53531
46,F,55623
47,M,108249
71,M,102163
15,F,33934
34,F,63588
58,F,89943
69,M,140167
86,M,97770
37,F,62448
62,F,82827
24,M,56114
63,M,155036
33,F,67229
56,F,76861
42,F,93171
65,M,132221
58,M,84314
39,M,102446
42,F,70821
53,F,67042
45,F,69919
27,F,47042
75,M,93473
49,M,101061
67,M,110609
31,F,67812
46,F,56695
49,M,97722
36,F,53122
48,F,106208
70,F,95900
85,F,104750
38,F,66799
49,F,79436
31,F,44077
46,M,103726
65,F,80255
70,F,81540
57,F,68029
81,M,108166
58,F,84291
27,F,45386
21,F,61860
46,F,89522
52,M,91269
69,M,98344
35,M,95473
53,F,85961
63,F,101124
36,F,56990
69,F,89797
17,M,102272
61,F,109303
42,F,90152
63,M,117248
73,F,132097
83,M,119346
58,F,74279
53,M,123614
54,F,61114
49,M,119838
40,F,80158
52,M,120590
67,F,89958
50,F,63115
69,M,127569
39,F,69549
39,M,114161
34,M,49429
28,M,45302
30,M,99599
28,M,106224
30,F,35230
71,F,125633
60,F,130228
50,M,57615
83,F,95052
66,F,125802
23,F,82906
52,F,72753
27,M,90584
81,M,107326
27,M,61490
24,F,91564
68,M,120434
26,M,92508
17,M,58796
62,M,129615
39,F,88717
69,M,135082
73,F,106239
61,F,73732
62,M,127306
51,M,108427
33,M,71358
17,F,39324
40,F,77684
22,M,53584
55,F,63797
57,F,88588
39,M,97573
70,M,129478
50,F,109519
62,M,127943
23,M,55051
32,M,92523
21,M,88633
29,M,65223
89,M,132268
50,M,100022
61,F,86757
49,F,101442
44,M,72114
51,F,57985
38,F,47918
74,M,116479
61,M,134677
25,M,94611
56,F,89434
50,F,78216
53,F,93967
59,F,90513
36,F,49063
80,M,107691
67,M,154409
19,F,53741
42,F,86499
58,M,129302
46,F,118954
38,F,62177
65,F,117890
54,M,103916
62,M,86212
40,F,69462
45,F,68197
63,F,98387
80,F,116947
12,M,46148
49,M,66183
36,F,59798
76,F,94597
51,M,103063
88,M,162514
66,M,131339
36,F,85710
44,F,78657
76,M,121288
52,M,101571
30,M,74908
47,M,140586
43,M,71021
57,F,86627
37,F,65742
63,F,88894
38,F,118817
32,F,95712
25,F,38549
55,F,97082
65,F,71289
53,M,134781
61,F,92593
44,M,105324
7,F,36926
32,M,77931
34,M,49893
52,F,88438
79,F,113320
40,F,83416
29,F,65036
28,F,35520
47,F,106582
42,M,81896
60,F,79458
19,F,90790
69,M,96667
30,M,107560
71,F,108187
85,F,118309
43,M,105043
80,M,112439
71,M,105327
64,M,118268
67,M,105725
53,F,89435
64,M,114710
74,M,118389
49,F,54209
59,F,80199
42,M,95812
45,M,111429
10,M,76823
49,M,99673
77,F,115575
35,M,89122
38,M,84950
89,F,137835
66,F,104693
38,M,82217
61,F,104820
73,M,123362
88,M,171504
27,M,75661
72,M,136964
50,M,110578
46,M,65912
52,F,97606
41,F,64580
37,F,100723
63,M,86011
45,F,97230
61,F,88603
35,M,99051
63,M,118927
37,F,64130
41,F,49267
69,M,96935
81,M,142610
91,F,130709
14,M,99209
43,M,121867
35,M,84059
25,M,76580
35,M,117793
62,M,147536
49,M,123530
53,F,104894
78,M,134872
52,M,95987
27,F,35081
63,M,114654
38,M,104644
33,M,74537
48,M,128255
29,M,102123
40,M,71024
64,F,104340
59,M,130891
49,M,86227
62,F,88208
37,F,117517
50,M,92164
26,F,45618
40,F,105740
45,F,80295
52,M,91442
70,F,97676
70,M,108987
40,M,92855
59,M,102181
55,M,104526
70,F,83730
84,F,147879
61,M,79536
49,F,100265
40,F,52814
77,F,132005
57,F,90537
50,M,91486
49,M,132717
19,F,26518
69,M,129277
27,M,90320
56,M,77730
62,M,86378
54,M,105523
64,M,96951
75,F,85812
75,F,84045
38,M,88286
64,F,113908
51,F,81420
50,M,120948
41,F,94655
22,F,49425
41,F,101085
22,M,53058
43,F,65553
45,F,69758
53,F,78567
66,F,95375
56,F,94628
55,F,61915
27,M,82763
44,F,118424
24,M,58106
75,F,105684
58,M,114792
83,M,118832
48,F,68823
11,F,71694
56,M,100637
74,M,114744
41,M,106870
20,M,72770
25,M,62556
74,F,109496
45,F,78814
25,M,102316
30,M,86666
66,M,105637
56,F,71596
60,M,110714
28,F,52816
57,F,132580
34,F,48237
74,F,85246
50,M,125008
59,F,83087
22,M,58546
72,F,101570
85,F,103080
74,M,150737
39,F,65183
37,F,56176
40,F,55218
29,M,94681
21,F,39292
24,M,90635
41,M,54053
43,M,59628
42,F,96582
73,M,157786
56,M,98403
81,F,120887
57,M,101746
31,F,70749
43,M,104558
86,M,110211
43,M,105350
46,F,83012
43,F,62104
29,M,103768
74,F,142117
21,M,34242
13,F,37513
35,M,73387
35,M,62509
39,F,68790
41,M,107330
84,F,140692
52,F,121032
49,M,122280
40,F,66696
56,F,120688
48,F,81916
12,F,52943
50,F,89960
29,M,97082
69,F,93820
38,F,49080
61,F,101696
40,F,71235
58,F,71292
23,F,56262
20,F,52278
31,F,56520
56,M,99770
43,F,93331
77,F,101413
54,M,100044
60,M,84861
37,M,96195
58,F,73752
46,F,68238
75,F,124218
31,F,59438
56,F,112798
29,M,110498
27,M,101054
32,F,68487
32,M,65113
71,M,89247
24,M,98183
14,M,59837
46,M,118857
49,M,92814
60,F,141457
33,M,96614
75,F,87300
10,M,48966
45,F,72782
65,F,70008
6,M,45345
81,M,136347
68,F,76632
48,F,84824
71,F,131107
49,F,91269
81,M,133724
55,M,63988
65,F,87952
72,M,104841
23,F,28421
24,F,68686
52,F,82560
33,M,116708
53,M,115561
44,M,67601
55,F,112237
49,M,111050
13,M,60352
41,F,60335
49,M,86732
32,F,64959
24,M,50398
72,F,131724
67,M,83548
37,F,73979
40,F,111261
90,M,116696
85,F,102434
76,M,122006
49,M,99287
89,M,134419
33,F,59479
55,F,66011
63,F,106054
50,F,61526
69,M,119756
70,M,107835
37,M,63720
44,F,71250
10,F,42281
26,M,98524
84,F,103615
28,M,100629
82,F,115822
55,M,114544
64,M,138945
38,M,94509
79,F,121941
33,F,57613
23,M,83564
70,M,110004
13,M,95924
38,F,92234
36,M,104885
47,M,93296
66,M,97988
24,F,59691
54,F,92007
23,M,89020
72,F,112803
58,M,102410
27,F,92857
55,F,81443
46,F,94281
13,M,82730
72,M,129271
44,F,70969
48,F,103218
62,F,85140
47,F,56738
65,F,73219
77,M,145653
38,F,74462
50,M,111820
57,M,104863
69,M,135949
51,F,84525
61,F,77674
68,F,105851
17,F,39986
24,M,42846
32,F,69829
41,F,89098
49,M,88470
55,M,84098
54,M,111873
58,F,88336
35,M,67625
45,M,100692
70,M,85980
76,M,113858
57,F,114041
73,F,139899
54,M,112534
52,F,77463
48,F,60474
54,F,66377
56,F,111207
39,F,66966
78,M,130858
48,M,70213
58,M,95965
62,F,87994
44,F,67133
52,M,67774
9,F,34559
67,F,77397
29,F,69279
20,M,76088
56,F,89397
34,M,127423
85,F,103417
68,F,84308
67,M,127159
86,F,111267
85,F,114297
45,M,126260
34,F,39899
60,F,118689
51,M,92041
64,F,72012
10,F,62675
45,F,70874
21,F,76511
81,M,171804
74,M,121356
35,M,104923
25,M,87284
68,M,150883
60,F,80372
42,F,56946
75,M,140044
63,F,80631
43,M,83513
54,M,88775
57,F,100966
63,F,74303
72,M,158504
39,M,68407
59,F,81503
6,F,64993
59,M,100495
51,M,88385
17,M,54378
50,F,79408
68,M,109348
26,M,64811
72,F,98704
62,M,153671
37,M,92958
25,F,50879
64,M,105845
21,M,79755
62,F,106038
52,F,109656
90,M,125492
90,F,160914
72,M,125001
41,M,82886
69,M,88793
54,M,109517
48,M,81841
71,M,96567
44,F,88978
72,M,139277
71,F,79478
46,F,84587
35,F,52129
52,F,92025
64,M,104460
78,M,85909
18,M,55971
76,M,101291
86,F,108407
14,F,66920
60,F,98372
41,F,64016
49,F,90679
56,F,80898
63,F,111062
39,M,117958
61,M,119864
27,M,104835
50,F,64664
91,M,122258
58,M,121137
29,F,44999
31,F,66439
82,F,86962
57,M,109293
63,M,128658
44,M,116018
27,M,81137
56,F,105925
95,M,130086
73,F,89626
62,M,114986
77,F,153172
65,M,104746
58,M,107904
81,F,114981
44,F,53127
31,F,57474
46,M,95405
25,F,45815
13,M,52639
61,F,95521
52,M,92323
72,F,101984
55,F,91525
67,M,88369
60,F,110046
81,M,125667
27,M,71328
80,F,125610
74,M,99023
46,F,60106
56,F,70202
53,F,90234
52,F,75894
85,M,137599
62,M,112391
44,F,58786
10,M,73753
54,M,106919
41,M,71104
31,F,89867
66,F,99638
57,M,113099
67,F,93620
49,M,101544
64,M,81242
42,F,89073
51,F,130373
59,F,104910
66,F,98754
44,M,96317
32,M,76175
78,F,95096
86,F,95179
58,F,87473
38,M,89234
46,M,95882
94,F,121399
42,F,48870
46,M,96584
47,F,64509
65,M,111262
28,M,112449
39,F,85198
12,F,42504
58,M,125384
38,M,77253
24,M,95219
32,M,51554
44,F,60067
52,F,83743
20,M,37038
55,M,94048
83,M,125431
56,F,114460
70,F,111720
53,M,88567
61,F,80804
51,F,68266
34,M,82753
61,F,83608
58,F,73226
52,M,100845
51,F,77964
27,M,88699
52,M,71497
88,M,121540
50,M,99068
38,M,89838
42,F,91420
61,F,86760
57,F,90028
15,F,45929
34,M,110537
23,M,56238
65,F,126074
27,M,78025
29,F,81004
63,M,102073
24,M,54907
68,F,91921
39,M,97693
40,M,111120
46,M,102284
67,M,135179
75,F,119542
40,F,83273
57,M,91881
61,F,111749
24,M,89253
45,F,115032
76,F,116856
38,F,44316
66,M,146252
75,M,126387
83,M,141781
55,F,85924
46,F,70685
49,M,85799
62,F,99320
44,M,98427
59,M,115666
34,F,84499
26,F,52443
45,F,77403
46,M,121104
58,F,66098
31,M,96318
62,M,94970
46,M,69144
66,F,125082
35,M,84549
27,F,81463
73,M,156454
28,F,53407
41,M,75764
52,M,64645
54,M,120828
61,F,115154
65,F,120923
41,F,83430
84,M,146801
71,F,115110
54,F,79912
44,F,74961
59,F,106858
27,F,50305
41,M,93913
53,F,107049
75,F,100594
40,F,68160
54,M,112125
58,M,135954
57,F,72985
90,M,122863
56,M,96109
74,M,116653
51,M,101820
14,F,69841
23,F,57026
28,F,74913
58,F,90690
60,F,74982
41,F,48267
67,F,86400
10,M,43657
63,F,91150
57,F,91126
56,M,118949
61,M,144255
69,M,124660
24,M,81971
76,F,102228
53,F,89908
68,F,91983
26,F,80037
52,F,61167
68,F,93015
27,M,43951
67,M,127684
50,M,103043
53,F,57901
23,F,34401
28,M,89492
54,F,117519
44,M,97610
90,M,156947
49,M,117073
65,F,105445
25,F,84993
14,F,38956
89,M,139349
84,F,115482
64,F,87538
78,F,134830
95,M,154444
42,M,120495
22,M,75900
61,M,111525
39,M,107588
53,F,64237
55,F,80634
67,F,105639
39,F,109288
65,F,77330
62,F,102520
53,F,93751
85,M,153261
62,F,121043
45,M,118038
58,M,80279
56,F,65574
23,F,44729
82,F,147614
74,M,103393
66,M,161703
41,M,57104
44,F,68529
28,F,47129
30,M,85871
70,M,111258
46,M,71716
36,M,63121
81,M,171000
39,F,93134
68,M,148384
40,M,78772
60,F,88217
86,F,104941
46,F,56260
46,F,54550
50,M,103172
65,M,107101
38,M,80317
67,M,125490
88,M,126910
51,F,100786
44,M,94603
42,M,70678
50,M,126061
23,M,53018
72,M,115761
32,F,82502
50,F,72848
78,M,159289
58,F,111925
78,F,130303
85,F,112987
83,M,121895
33,F,107120
40,F,83969
54,F,101594
48,M,127618
68,M,106051
15,M,59148
56,M,111770
30,F,52662
34,F,62598
56,M,111618
67,F,81509
32,F,79561
43,F,65519
34,M,91029
42,F,67054
68,F,121294
54,F,80875
32,M,80532
48,F,87920
67,F,88017
72,F,85448
34,F,92446
16,M,38627
67,M,130797
59,F,129569
52,F,59202
69,F,129579
60,F,71085
49,F,98305
77,F,122474
44,M,64460
35,M,112711
27,M,75797
37,M,62674
50,M,102252
67,M,91597
68,F,75824
60,F,84849
46,M,104686
35,M,104787
61,F,108113
62,F,95048
44,F,79239
46,M,111467
77,M,134716
48,M,100369
69,F,78262
22,F,31515
66,M,124529
77,F,108926
69,M,136528
21,F,65523
54,M,94314
33,M,110305
46,F,77949
14,M,66364
71,M,137975
49,M,58078
42,M,98212
58,M,83849
52,M,119151
54,F,95052
37,M,120758
41,M,85639
53,F,60076
25,M,84227
40,F,63052
32,F,74482
4,F,44627
40,M,105150
35,M,103141
54,M,93471
84,M,164149
75,F,103162
76,M,155502
40,M,95172
44,M,126756
56,M,110190
3,M,44349
63,F,108968
69,M,149814
38,M,73844
46,M,100527
46,F,60945
52,F,65984
87,M,118326
52,M,92967
65,F,90683
22,M,73413
74,F,95731
29,F,55896
36,M,57427
63,F,67286
42,M,84945
43,F,89048
59,M,104608
43,F,83965
32,M,77268
23,F,56958
32,M,76264
39,M,106556
